Image_ID,Target
ID_01c6i2wd,0.00037254684
ID_03sPqBLY,0.0010676782
ID_06ZKUQFl,0.9964861
ID_06gzqIwK,1.2843276e-07
ID_08kWat36,0.0007548461
ID_09Ek7abU,0.041392755
ID_0AniuG5s,0.89896154
ID_0BsPuUz7,0.013001339
ID_0DSBT3ti,0.06082692
ID_0FjtVTX3,0.95374185
ID_0Hjbo7AN,0.99188054
ID_0IoxTQLw,0.9096072
ID_0JhyWlDV,4.3750143e-07
ID_0K8jJj3F,0.0012385955
ID_0KWPog7g,0.010724937
ID_0KqtLYSP,0.33583033
ID_0LPHsFfM,0.00027388375
ID_0N96kxWg,0.96522075
ID_0Ov8uXuG,0.41496092
ID_0PZ1KSkw,0.95938236
ID_0SGKhPN1,0.0009987715
ID_0SVGgzoU,0.6612978
ID_0SWhzXeC,0.00033115744
ID_0T2UZdrD,0.00085032184
ID_0Ua9k8aQ,0.0099147195
ID_0VAe1wZN,2.860371e-07
ID_0W1cXc5N,7.7361896e-08
ID_0aVkkbdY,6.4920045e-05
ID_0dUY7tR2,0.9330128
ID_0eKCztUK,0.6758064
ID_0eSk3gQl,0.004128477
ID_0gwlhyjV,0.26374382
ID_0iGb02kl,0.90760654
ID_0iy37ioY,0.22771211
ID_0nbGKOWx,0.00021807647
ID_0pjmwVau,0.9714457
ID_0s8k90eC,1.6236118e-05
ID_0szFENHw,5.947113e-07
ID_0v9HOXlg,0.9149597
ID_0wBQRei9,0.04288779
ID_0wN5j1YU,0.5693173
ID_0yH2glYg,0.99596614
ID_11NQA0RC,0.9070214
ID_126fJW1b,0.9830253
ID_17J0sXWh,0.9409252
ID_194qb3fx,0.96110946
ID_19IlCYzV,7.95993e-06
ID_1AB5EuGm,6.970654e-07
ID_1AqxO75L,2.5258188e-07
ID_1BzBSsfb,0.14014643
ID_1ESvtyMz,0.8868822
ID_1FeoDwzt,0.9031656
ID_1IAGTKaG,0.20715149
ID_1IM6VqEb,0.0006118863
ID_1JliZjde,4.3165865e-06
ID_1KCtjnnA,1.2106979e-06
ID_1KEq0P3u,0.6091278
ID_1KprvCOC,0.7768114
ID_1MuIDfjo,0.11159698
ID_1Oerc7NU,0.9867716
ID_1SgLtvik,0.7112088
ID_1TCU1HGW,9.02463e-07
ID_1UXa1dk8,0.0024517372
ID_1WTqfbue,0.9952468
ID_1WVyKich,0.025388261
ID_1WkHQTdd,4.6380454e-05
ID_1Xdbm8Gh,0.7400429
ID_1YflGhf4,0.72815686
ID_1cHrKRCp,0.1692128
ID_1fhbjavl,0.032388963
ID_1fsWKwjO,0.0005374
ID_1gMODRjm,1.1851456e-08
ID_1geXyQ0t,0.9824423
ID_1hGEp2MJ,0.9940611
ID_1nPyLlj7,0.9785596
ID_1nyCoLkd,0.68065614
ID_1o5xCHak,0.99590325
ID_1o6BqGCJ,4.3472373e-06
ID_1pokPmqG,3.4311957e-05
ID_1tYhiVPe,0.00013044693
ID_1v452hY4,0.98867524
ID_1vopQ3fO,0.8884928
ID_1xWK8Kkn,0.0031447606
ID_1xc02Ptm,0.9945347
ID_1xfgfU5p,0.19493853
ID_20LPMSUa,0.9927048
ID_22EznAWX,0.9833862
ID_22YRJvWF,0.29601654
ID_26s3c631,0.0016289742
ID_27L3ZyFE,0.10057914
ID_28qXw5mC,1.2222763e-08
ID_2AeaEeRV,0.69028014
ID_2DYvq9qh,0.94337255
ID_2E1aGQnx,0.9942323
ID_2E1n87gK,0.9768847
ID_2HIs5waA,0.9071065
ID_2IZffDms,0.98894787
ID_2JuRn59g,0.99283856
ID_2KfBB49x,0.21962006
ID_2M1oTqUe,0.019528072
ID_2NSYxMAi,0.904588
ID_2OEdCXuD,0.9958903
ID_2OhXTl9q,9.313724e-06
ID_2Q5Z9ErZ,0.01034404
ID_2QlmKGDL,0.0022618892
ID_2S4zi0pU,0.10738138
ID_2SQNYXlW,3.4703927e-08
ID_2SbiJRDp,4.6328705e-06
ID_2TQ2um1h,0.0004180749
ID_2Uerv86X,0.6741537
ID_2VQsKn4x,0.118595295
ID_2Vip3YeW,0.68109566
ID_2WL6hae8,0.014280171
ID_2XGe8BeN,0.94280267
ID_2YTJRr3f,3.7565828e-06
ID_2Yyew0Uh,0.0007801735
ID_2Z7zHyqJ,0.7437803
ID_2aNX3GDd,0.02348913
ID_2aRb6f0X,0.41380405
ID_2b5B8Zmu,1.9857438e-07
ID_2bs8L0W1,0.80436945
ID_2cGrhAWA,0.98629034
ID_2cmRqrzn,0.28738353
ID_2dDYqEbD,0.42737266
ID_2dE27aup,0.9259556
ID_2gQ8GEEL,0.0035134028
ID_2jIsoM8G,0.99494934
ID_2jw0MBXW,0.1498179
ID_2qpfXxwf,0.06881303
ID_2rsLXZaS,1.6819864e-06
ID_2tusOmO2,0.0012797267
ID_2y6XpAqq,0.03416533
ID_2zGJZg5F,0.54772776
ID_30cwnzwa,9.027872e-06
ID_335ODDQ8,0.25271246
ID_336reY8q,3.8223587e-07
ID_34R8KDit,5.1557952e-05
ID_364W0XzR,0.13614677
ID_36RXmFXl,1.8706623e-06
ID_36bANslg,2.3760919e-07
ID_38meVoGk,0.0008175372
ID_3Azl7ZwB,0.31265453
ID_3BlMicaj,0.9786229
ID_3CmowQD6,0.9722764
ID_3EVp7qss,0.35460523
ID_3Jo1RSYQ,0.0002666441
ID_3K3quO6t,0.0057396386
ID_3LTTrLjt,0.001966557
ID_3OfiHbOB,4.503413e-07
ID_3Pac6Yrh,0.9934925
ID_3Pxg47ZA,0.0073558297
ID_3RJbXXOB,0.7672723
ID_3SR0tDuI,0.6755663
ID_3UTOj8Tw,9.732228e-05
ID_3UifdTip,0.7661884
ID_3UsC96I4,0.24259168
ID_3VlfhpbU,0.9929731
ID_3WieylWc,0.0006752152
ID_3YOALnqg,0.967456
ID_3br1zX8W,0.98890126
ID_3dcAHztS,1.4823166e-08
ID_3dkIHuRW,0.00015921968
ID_3fZLjxDW,7.2446725e-05
ID_3gYHByGQ,2.4148442e-06
ID_3i2vF65g,0.8338463
ID_3iAieNPt,0.9673119
ID_3jjYJ1Sp,0.9114445
ID_3kiDiQ5z,0.057729848
ID_3m39KnZz,0.00048703092
ID_3m4BjWGt,0.9140846
ID_3nUWvtnG,7.929783e-06
ID_3pBvXGnf,0.88515574
ID_3qKlsDHC,4.213472e-06
ID_3qO5VGlk,1.36522775e-08
ID_3smWKG3D,5.8789285e-10
ID_3t0DGQNR,1.8893248e-05
ID_3tTziOun,0.00045388888
ID_3tnKhxLe,0.011956632
ID_3tzWxhKy,0.0075496063
ID_3uU2pNBm,0.96611077
ID_3wbkhq0n,0.97058284
ID_3wqgs1h8,8.1344484e-07
ID_3zgrit9K,0.0052432013
ID_40TJNUys,0.99218625
ID_40vsx3LX,0.24841435
ID_41RoL9lD,0.99104565
ID_41gPiQzu,0.0011555835
ID_432xf8q7,0.9887848
ID_456tF52p,2.6580694e-05
ID_47FeeCPD,0.051625878
ID_47R0QR0X,0.031903084
ID_49hFAQbC,0.9884164
ID_4Bcf03Ol,0.00010223532
ID_4CIswsz2,0.9415407
ID_4CUVuah3,0.0035494266
ID_4DS4iJVu,0.01080009
ID_4EEFmhE8,0.9944477
ID_4H8iTbun,0.99883616
ID_4ImYXrGA,0.98322636
ID_4JLE8XRv,5.3103125e-08
ID_4Jpqz3Un,0.9854702
ID_4KRiHAik,0.007526055
ID_4NCyj3hP,0.98602724
ID_4QaCD0x5,0.00023802104
ID_4REQ5FMp,1.0377821e-07
ID_4Rd6d5JE,0.0041573467
ID_4ZK2bMCh,0.41073552
ID_4ZKlwOa9,0.15723404
ID_4ZnyydFk,0.029006608
ID_4cghZogo,0.7960694
ID_4fg1gUSX,0.95496887
ID_4fil5lju,0.9612385
ID_4ibPZELH,4.6405674e-07
ID_4lU4AAr1,0.9902311
ID_4mIktvCM,0.10915354
ID_4mJGUyip,0.9698594
ID_4okFArEA,0.7191032
ID_4qR55u0B,5.1293728e-06
ID_4qwlWkti,1.8396906e-06
ID_4r5kjMa7,0.9666452
ID_4rBMrpSH,0.8610231
ID_4rudOcUx,8.2477505e-05
ID_4tlsTvIW,0.21430206
ID_4w8dFtB9,0.08476348
ID_4wE7BIQv,0.2284044
ID_4z2YV3u0,0.07281399
ID_51ECGgoh,6.933415e-07
ID_51bGpc7Z,0.9734798
ID_51bjgC92,0.9946371
ID_52SOfymt,0.008906653
ID_52rbivKI,0.9813361
ID_55OtkztT,0.0004637847
ID_58kVy5jW,0.11970714
ID_59DdFvK5,0.7040122
ID_5ASl0lTg,0.4496226
ID_5BKzkzrl,5.85023e-06
ID_5CHW18SN,0.2545065
ID_5CulErjg,0.00010274174
ID_5DE95JiS,0.22046974
ID_5DgUtUYo,0.992066
ID_5Fl68mlh,5.2960837e-07
ID_5GI8peRg,1.2446897e-07
ID_5Gc7AShe,0.96058965
ID_5L5vFKaO,5.8308837e-05
ID_5LbfuVx4,0.8943611
ID_5LkeB96h,0.9809427
ID_5N4xWchK,0.8438268
ID_5NhEWiYd,7.016978e-05
ID_5P7PtTW3,0.018747002
ID_5PZbDR1m,0.0017970487
ID_5PeKzOaW,0.9613032
ID_5S9xwI0O,0.9320682
ID_5SAkKjwy,0.6899541
ID_5SLbBrQK,0.8813149
ID_5WVNr7N0,2.7588326e-06
ID_5YJo4xXX,5.8260775e-06
ID_5Ye8o5c6,0.46441078
ID_5ZQdzADZ,0.9878509
ID_5aJrEhfV,0.8366972
ID_5b7ZO2PR,0.98819536
ID_5c9vB3Oe,0.059402607
ID_5d98Zkc5,0.6928383
ID_5frA9yNj,0.300095
ID_5i9tHPBH,0.008153781
ID_5iS0AHz2,0.92883545
ID_5kOb1etI,0.9884848
ID_5klnEOY9,0.9946132
ID_5m69O5ul,0.96179116
ID_5m6jUOWq,0.0016899081
ID_5no7ISVa,0.69775736
ID_5nyLE6x3,0.93962336
ID_5pYpxt3s,1.3924215e-05
ID_5pwa6MYR,5.7336423e-05
ID_5s1iC0Z6,0.3399913
ID_5sLOGj5E,0.14492466
ID_5sXuqDXR,0.047282677
ID_5tNAzYXi,0.00029260802
ID_5v8QW4a8,0.9089104
ID_5vnRSDz8,0.08510926
ID_5wLuQIB9,0.0014605523
ID_5wbYt5kx,0.009638612
ID_5wpAGmna,8.414477e-05
ID_62ZEUcst,0.9359718
ID_63Wt28hQ,0.55691546
ID_63idfoaY,0.99675524
ID_64J2J07g,0.24751502
ID_65gvr2jv,0.9813293
ID_66McGTmV,0.03735604
ID_69OLyFBE,0.9109534
ID_6C4v2nko,0.80637115
ID_6CjJsC6k,0.22271307
ID_6Hs6vPyM,0.9275174
ID_6J6jD9mY,0.009581293
ID_6KlRzjwf,0.99614847
ID_6M3e72p0,0.061897755
ID_6MpyS6NV,0.025459798
ID_6Mvo6AuG,3.1777163e-06
ID_6QtRfFTR,0.010122178
ID_6S84NhqF,0.10871069
ID_6TU5E3VT,0.73713917
ID_6ToL8c0J,0.6193729
ID_6TzL4ay1,0.87625265
ID_6UUDrhrk,0.019763047
ID_6Ucvm2Z9,0.05935761
ID_6XnS7Htz,0.9140707
ID_6a6AZN8T,0.0012229077
ID_6aIwlocg,0.54223126
ID_6br0S4M4,0.97855127
ID_6cBXqBZu,0.7831249
ID_6cHVgXGj,0.3814642
ID_6cfqARMN,0.9663064
ID_6d7okSdz,0.95532024
ID_6daBqz6r,0.002972011
ID_6eUcBglr,0.0001860751
ID_6etjP6Zy,0.3056609
ID_6gHLIP9H,0.75942856
ID_6hKHiAG5,1.8586932e-06
ID_6hMgBWdU,0.00021283576
ID_6k440agE,0.57266015
ID_6lYu61oU,7.1378054e-05
ID_6o3Qh4TE,0.83076894
ID_6oR68NQI,2.1464973e-06
ID_6perLU65,0.95915395
ID_6qXAlTjF,0.87922543
ID_6qXaGW9Q,0.98831546
ID_6roc35D0,3.5427878e-05
ID_6vm6hjnL,0.9823836
ID_6vsPd7YP,0.3805956
ID_6wBzl7Sg,0.46717542
ID_6wxPqVlS,1.7696928e-05
ID_6y4LMMsF,0.0014179564
ID_6yAenqzA,0.0002925406
ID_71VPb6Ky,0.50750875
ID_7222GFS0,5.052299e-06
ID_729f29LI,0.9181043
ID_73fuiuUy,5.538859e-07
ID_74ySyMOB,0.9914654
ID_76UMDaHH,6.989282e-06
ID_78wNN5lc,0.84519243
ID_7AlZT50n,3.8445178e-05
ID_7Bji1MU4,0.6686419
ID_7EN4Tsz9,0.008185264
ID_7F4WP5km,0.95225865
ID_7G4DW7F3,1.5687068e-05
ID_7HGdIEYJ,0.00013850555
ID_7I9zrKIz,0.9912342
ID_7LPTspdN,0.8473595
ID_7Lihy1dP,0.00845209
ID_7PlFZcWo,1.4554257e-06
ID_7T6zAg3g,0.00085532543
ID_7TirRuOx,0.9020717
ID_7TqoJZcb,0.99457073
ID_7XQSp6ui,0.0016233942
ID_7XgaX9jq,0.9216008
ID_7YOrH07A,6.6359215e-05
ID_7bHG4rdG,0.00297135
ID_7bgMVpUc,0.9153312
ID_7cDXS4xP,0.08600303
ID_7g6jG2o8,0.9239235
ID_7h16tDUe,0.97731024
ID_7hdOW646,0.14686939
ID_7hyCK69w,0.9883766
ID_7ivtqNxh,9.85387e-06
ID_7izN5UbK,0.853629
ID_7jPpzJrb,0.047414277
ID_7lE3Aem2,3.3263754e-07
ID_7m89zRMX,0.7831847
ID_7qEVDkQF,0.4929669
ID_7qr43HkE,2.1828264e-05
ID_7tHMmsto,1.6019123e-05
ID_7tIOcUgF,0.11167058
ID_7v4bxWsN,0.9818446
ID_7vBaaHMd,8.307538e-06
ID_7vc4YtPo,0.98033077
ID_7vcGx2Gv,0.20315751
ID_7x3ICIfh,0.7166538
ID_80DTu9ZO,4.3884836e-05
ID_83h4aeVb,0.9863983
ID_87JcYSWg,0.759644
ID_87bvBp6N,0.9224416
ID_8GPT7MGc,0.00017162957
ID_8HXi9bxX,0.00040783838
ID_8HsxjeXQ,2.175875e-05
ID_8JOWf0MC,0.00014019372
ID_8KwDPlbS,0.14969257
ID_8LcZ73gh,1.8638655e-08
ID_8LchWmsQ,0.1310127
ID_8NCgllIx,0.95795715
ID_8NFwzF8C,4.357828e-05
ID_8PGjIi3R,0.7285749
ID_8TlV54js,1.0224664e-06
ID_8UBdWrMB,0.9763027
ID_8aRoSbfP,0.9952431
ID_8ab5fH6n,0.3865958
ID_8bhAWTX5,0.0027984614
ID_8bnuvxG7,0.97870123
ID_8cGuKjgV,0.92125595
ID_8cuVZyE3,2.1972799e-06
ID_8dktJFTi,0.3910684
ID_8eV95hzs,0.95633435
ID_8fS4GxD2,7.683084e-05
ID_8fzxWXtd,0.62841475
ID_8h7Lnv3H,0.019381681
ID_8lRAiAAE,0.37869644
ID_8molVPDG,0.7599307
ID_8nsJzi6k,2.7700696e-07
ID_8oi0NM2v,0.5442065
ID_8qd2hCks,0.00017921049
ID_8tgtlIMN,0.0014826872
ID_8tlryIUk,0.889967
ID_8wjbVqTh,0.0006117781
ID_8wrAnikc,0.95229506
ID_8wxJre9A,2.0009855e-07
ID_8yeEwvCW,0.17223799
ID_8zMCvKHJ,0.12680802
ID_91Ghfm4M,2.3529861e-07
ID_92PgI9bx,6.092905e-05
ID_94wAYA3K,0.9397615
ID_970FQJaT,0.14031531
ID_98uBW4Kp,0.6557734
ID_9A04ynHw,0.0036645979
ID_9ABWNGzp,0.0013359668
ID_9CCU3RM9,0.97213364
ID_9GtGdi1Q,0.007861059
ID_9HvuXTSP,0.007151345
ID_9NCyl7UT,0.006518211
ID_9OwkG9QF,0.0023535613
ID_9P0zNcLl,1.2103213e-06
ID_9P1ZQCgE,0.97361445
ID_9RaM8O5d,9.3582486e-07
ID_9TJQasya,0.9911585
ID_9TwwyNza,0.7793652
ID_9V6AgzV6,0.96427
ID_9W8Dgwmt,0.00034709126
ID_9WHMI6d3,0.5250795
ID_9XMdIuw5,0.52758366
ID_9XTs2unP,2.7888818e-05
ID_9ZPumpqT,0.9261862
ID_9bzKgnQo,0.83952
ID_9c33SzWW,0.0024592588
ID_9cBtTliF,3.7571932e-05
ID_9cBwjQKv,0.99514526
ID_9dyc9DhS,1.9010488e-07
ID_9fJXDD7V,0.98330826
ID_9h7vJ7l4,0.5963201
ID_9hHx3uCI,0.9948588
ID_9hTZW0Gr,0.9703886
ID_9i5EOG9E,0.9941233
ID_9ihPudgm,1.2276589e-05
ID_9ioV2Bdl,0.00023752675
ID_9iwqGYeR,0.00010584617
ID_9jbGF0wh,5.003444e-07
ID_9kHNEz6x,1.3220162e-07
ID_9kYcUQ5m,0.26675308
ID_9l0GOZJy,1.15187305e-07
ID_9nPat7wE,5.2504948e-08
ID_9nRoxGS2,0.9859878
ID_9o3lUhCX,0.00035498975
ID_9ox8ER3f,2.3980041e-05
ID_9tTKLtF2,0.0071888505
ID_9tmvsebV,0.7824029
ID_9v92EMeb,0.99320567
ID_9vO9BzoM,0.9557602
ID_9y9XVrd1,0.40440795
ID_A17iJ2w5,0.07692328
ID_A1qWbkTY,0.9808823
ID_A2HGGEYI,6.781752e-08
ID_A3urrGlh,0.9987811
ID_A4n16kQ4,0.98773664
ID_A73kqV8Z,4.206863e-05
ID_A8eIXmmi,0.98865473
ID_ADKkqAXj,0.2795775
ID_ADQvADIQ,0.99321175
ID_ADcj7Fg5,0.7453484
ID_AEi6WFjz,0.00040925283
ID_AEpn9MHC,2.6734047e-05
ID_AGOMmcIk,0.1578096
ID_AHCkouCq,0.93362886
ID_AHli8YyL,0.9973778
ID_AIUREnyb,0.004227909
ID_AIhXqpS1,5.486981e-06
ID_AJhB5EAf,1.8995812e-05
ID_AJhxm4lO,0.9277038
ID_AKEHVRD4,0.068816915
ID_ALdjWJcy,6.158935e-05
ID_ALtQAGWH,0.48970917
ID_AMkHWRfh,0.3423311
ID_ANcuve3K,4.2928652e-05
ID_AObbvEWJ,0.003189432
ID_APJyenyi,3.229478e-07
ID_AQNHP2Un,0.9492026
ID_AQZDAYS8,0.9338735
ID_AQdYLftD,0.97596264
ID_AQfma4uq,0.98812884
ID_ARjAeQsa,1.9138804e-08
ID_ARn5EMSb,0.7247329
ID_ASZcitRB,0.99421835
ID_ASdV8smQ,0.9990423
ID_AUq295m4,0.97311217
ID_AVM1Q6eV,3.4271187e-07
ID_AWX1O16R,0.9786886
ID_AXM9N5lO,7.3649055e-05
ID_AYEUTmC4,0.0016064458
ID_AZCW2JHe,0.98914295
ID_AbkT9by1,0.93240213
ID_Abyo4wQv,0.9599018
ID_Adh0gug0,0.93908465
ID_AelPIx7Q,0.99097794
ID_Ag3a2lFA,0.1740992
ID_AiUrRs7t,0.9105686
ID_Aj5lGhwP,0.908658
ID_AjRbutlJ,0.99787784
ID_AjW1J6NI,0.9210828
ID_AkgPlfwG,0.9797531
ID_AkqyYGYd,0.00019538106
ID_AlULIsUI,0.8845066
ID_AlfdzEeO,0.66030765
ID_Ao2jhPm8,0.005577656
ID_ApE6rase,0.9932481
ID_AqTqZ8Xd,0.9571347
ID_ArW4Hu3v,1.6705859e-05
ID_AtqjjSex,0.0012566218
ID_AukAOnep,0.011833968
ID_Ay5zltyq,1.0793269e-05
ID_AzcCuHfa,0.28892928
ID_B0BK8nEk,0.94140553
ID_B0Co8PvK,4.3021764e-09
ID_B13plocb,0.51784617
ID_B1ZAUfOy,0.003925242
ID_B2gTPMff,0.5976732
ID_B5307Zz3,5.6294747e-09
ID_B8GEzwne,4.4750177e-06
ID_BAyqu3br,0.7530374
ID_BCB5Tfix,3.3344274e-06
ID_BFlOHnQ9,1.061603e-05
ID_BFzdPoto,0.81968087
ID_BH32sM5H,0.021982886
ID_BHWeyEfM,0.53332126
ID_BI06UjRU,1.7721386e-05
ID_BKRzXKiB,5.1974934e-07
ID_BKwNtPVr,0.033354208
ID_BLk6PonS,7.084247e-06
ID_BMqlHHhY,0.99646705
ID_BNO2SmwP,7.574306e-06
ID_BNzToBQ7,0.5761973
ID_BPNXbcBc,0.8350616
ID_BQF7gbFg,0.00034946628
ID_BRPJzixI,0.07537929
ID_BSldocXX,0.1379605
ID_BU6nrr01,0.7097623
ID_BW5TGPY3,0.00014099618
ID_BYRF4snG,0.97191083
ID_Bc9Fq7mo,0.012219527
ID_BdB1P9SR,0.02201379
ID_BeuNkGsl,0.9029738
ID_BfaxJhX0,4.4116835e-09
ID_BgLBERu9,0.0011331863
ID_BhNoiv59,0.0008035308
ID_BiGi942O,0.0031509853
ID_BipSOU03,0.90494484
ID_BjAKeZ9S,0.97956884
ID_BkIzagHI,0.00077648764
ID_BkKw3BSD,0.89962184
ID_Bl3GOgLl,0.005161131
ID_BnEDuG2m,0.99021626
ID_BnZjv5Ub,2.0563566e-07
ID_BpD84PtE,0.009530287
ID_BqC0Uv9x,0.7955776
ID_BrQoI9e2,5.6762392e-08
ID_BvDc9bWk,0.0028400242
ID_BvkoZC89,0.55886465
ID_BwCOH45J,0.92248714
ID_BxXcJNKo,1.845344e-05
ID_By3JLhID,0.08214366
ID_C2KHaEPn,4.6418652e-05
ID_C5brIRD2,0.9593169
ID_C69SBxxS,0.44796246
ID_C72SjM0h,1.4128475e-06
ID_C7a9WA45,0.83568853
ID_C9IiL4m1,0.72535104
ID_C9jKoIKf,0.99357456
ID_CA8cWz6I,0.9852572
ID_CDKFBUol,0.077886455
ID_CDvdPgHo,0.99040186
ID_CEEuFPht,0.020808166
ID_CFmNbGxN,0.038981702
ID_CII0YKP7,0.0011215223
ID_CJkv2xXS,0.69109815
ID_CL7Gm1nY,0.7078087
ID_CLGFXbyu,0.9972512
ID_CLlmNReh,0.0025181137
ID_CMLuveUf,0.94507235
ID_CNXKjKpX,0.5794492
ID_CNyhunCT,0.9347297
ID_CPA8ZT4P,1.3321766e-06
ID_CQJhAURV,0.8281205
ID_CRmohbhi,7.266811e-05
ID_CSofCJKh,0.9376948
ID_CUZqv5Xm,0.45205492
ID_Cb2hLGM4,4.017703e-06
ID_CdObratO,0.018358206
ID_CdWihF2Y,0.15804541
ID_Ce81gmIy,0.9965723
ID_ChQ4W5oz,0.0055775116
ID_Ci5dJ4wV,0.5337721
ID_Ci7dfQGG,0.297962
ID_CiILSxSp,0.1427352
ID_CitSUbPk,0.47982314
ID_CkX7rel4,0.07020062
ID_CpJphp85,0.41444013
ID_CpLShPMi,0.9791467
ID_CptBVnBF,2.7497794e-05
ID_CwGKbHCr,6.2799113e-06
ID_CwRx4BJn,0.96865594
ID_Cx05BnXH,0.991734
ID_Cx6aYJB1,9.614587e-07
ID_CxFFV8Ex,5.110233e-06
ID_CxOAbNsg,0.45140594
ID_CxxnIWfQ,0.0639381
ID_CzQKVhtv,0.008588028
ID_D08zLlBd,0.013329172
ID_D0QbHUpq,0.00039258803
ID_D0tmS6FO,0.33135346
ID_D1Psd5m2,0.3512234
ID_D1iJIxuj,0.93584496
ID_D296LWSn,3.97388e-09
ID_D4wZA48U,0.11032078
ID_D6qP2KVQ,4.1689855e-06
ID_D6vCMBJo,0.32224542
ID_D92p3lgV,0.95205
ID_D9LxjB0y,0.02157707
ID_D9Z95mU2,0.49451828
ID_DAFjtHzn,0.09579125
ID_DC3UQ11R,0.00043226662
ID_DCa6e207,0.89588463
ID_DE9vMsIM,0.018443655
ID_DGBneZOA,0.0013957865
ID_DJ40PPAE,0.903742
ID_DJk9xnMU,0.028953962
ID_DK8JcieH,7.061831e-08
ID_DMBuURIR,0.02359702
ID_DN9rnwy2,0.0008745915
ID_DNFGPZX5,0.97660697
ID_DNOqiID9,0.046392083
ID_DOVd0sfa,0.81545
ID_DPNaognG,0.685623
ID_DPXrOxHB,8.5200566e-07
ID_DQLYJVSZ,0.99090004
ID_DRfZ3vHA,0.026476273
ID_DS41NYr9,3.5165904e-05
ID_DSeKoBLS,0.94793606
ID_DU925RR0,0.9645983
ID_DVBjry7L,0.008811258
ID_DWu8ukDx,2.7557498e-06
ID_DYoCgjs2,0.28232038
ID_DaED5Y85,0.99176913
ID_DaY8DUJa,0.96446073
ID_DbGeKjMH,0.8415326
ID_DblpFDpz,0.9603552
ID_DcOV1bbG,0.95690227
ID_DeM2Dv8v,0.987995
ID_DfDR34Ny,0.9010774
ID_DguXXg56,0.00028757623
ID_DhQBrPQw,0.0005168177
ID_DhWmK7fy,0.0039344956
ID_Di7xgaI2,0.9014282
ID_DiIFAPSz,0.90360403
ID_DkAnN1dK,0.004514132
ID_DkBDo5oL,0.9409161
ID_DkVO5MXm,1.7882701e-05
ID_DkevQyr3,0.036219895
ID_DlHIx8Ir,0.004579272
ID_DmazIZWm,0.0020817048
ID_Do5FPKDy,0.01052998
ID_DoTd26Hx,0.00011293208
ID_DoUfSN9O,0.54812795
ID_Dob9HtXg,2.6538078e-08
ID_Dr5sbLg6,0.0035970618
ID_Dr6zZr2g,0.06508631
ID_Drb5X3En,0.5144187
ID_DscSRzti,0.1585723
ID_DtMMgbi9,0.98550963
ID_DtyKx9wO,0.1795175
ID_Dx8wuvm7,0.9948459
ID_DxT1sHsg,0.27868706
ID_Dy6MV5ta,4.9760644e-08
ID_DyGVRfmd,0.0010822285
ID_DzJnRlRF,0.6235273
ID_E5MIH4sc,1.0916252e-05
ID_E6tHOjR1,4.2238676e-06
ID_E7DkHS8D,0.31480804
ID_E9B2yc2z,0.9801514
ID_E9BEXEGz,0.00043393017
ID_EBlTFL61,0.15253286
ID_EBsMwY1E,3.9021953e-07
ID_EE0o7tea,0.90118706
ID_EEeuyXPl,0.000425539
ID_EGTGiRwv,0.99506843
ID_EGlM6G40,0.27692875
ID_EHQHBdRM,0.019777648
ID_EHx5JTTX,1.8928405e-06
ID_EI2pUFns,0.9080455
ID_EMVwUiQs,0.37558964
ID_EQJGeV5o,0.08719415
ID_EQv7kB46,0.9738915
ID_ERJQFNIT,0.9928169
ID_ETTPLgtt,0.00036143957
ID_EUYzInjK,0.894696
ID_EUeTKpOe,0.74812376
ID_EVwCB0pz,0.017138962
ID_EWBUHkpH,0.94969666
ID_EWG7mWMf,3.763655e-05
ID_EWPjqVjm,1.5964532e-06
ID_EY5LbVvk,2.584394e-07
ID_EZYZV2k0,0.09868122
ID_EcsYRFTr,0.3387116
ID_EdwlQJoh,0.54960454
ID_Egw08euu,0.711258
ID_Ehj9FuM8,0.00044791194
ID_Ei0p4CRO,0.8617267
ID_ElCgl0Ab,0.97070014
ID_ElTPnhN4,0.99122417
ID_EoNub6gI,0.60528797
ID_EpzpDquC,0.28222582
ID_EqixEuYi,0.6853921
ID_EtSLCvut,2.1263754e-06
ID_EtaKVmaB,0.00024865314
ID_EubNqcee,0.48785865
ID_EwUzigoC,0.72960556
ID_EwZrvbXs,0.8783753
ID_Ewz2NJX2,0.9085022
ID_Eyad00o6,0.0013781585
ID_F0D1ieHk,0.9617748
ID_F0odfAz0,8.383906e-06
ID_F2yQO4Rz,2.438442e-05
ID_F46gOi8n,0.13393645
ID_F9v8VtsC,0.9091711
ID_FARTUsAL,2.965188e-05
ID_FAWk35W1,1.3751841e-07
ID_FCKNuG5g,0.5856557
ID_FE2FTrDK,0.98647964
ID_FEYFcdnw,0.0025164327
ID_FI53RRlv,0.9930858
ID_FIUm3ycu,0.9632532
ID_FJdDdWww,0.03530814
ID_FL93gQRm,0.0045304787
ID_FLLirMfH,0.9950803
ID_FLWyIjQC,0.9969291
ID_FMLG3Fib,0.03780525
ID_FOTTpd4p,2.9688883e-07
ID_FPW3AQvH,1.2559425e-07
ID_FQiMPHsT,0.0450236
ID_FR8XKQF9,0.97895604
ID_FSVncKdz,0.93588024
ID_FSoZJ2ZT,0.02594587
ID_FVNdFJwo,0.73006046
ID_Fa8KfYZK,0.9882153
ID_FaoRE1fD,2.2721348e-05
ID_FdI0k3Bl,0.0675353
ID_FeSxmeRw,0.88373566
ID_FgubhyJ5,0.9521503
ID_FiFc4VuW,0.0053544454
ID_FjIk86Gj,0.6189759
ID_Fk7ncq6J,0.0010424096
ID_Fl8GL7vW,2.6088583e-07
ID_FrDRqlbJ,0.96994925
ID_FrqzkmiK,0.03466792
ID_FssLUfXI,0.9847876
ID_FtwKLziH,0.6453085
ID_Futy6UCQ,1.5148331e-06
ID_FvYO7EK8,0.9540657
ID_FwHpIEvU,0.989037
ID_FxKHJNXL,0.9946515
ID_G3Gqx53k,0.9875879
ID_G7Agauk0,0.95257604
ID_G7U65VUO,0.90093154
ID_GB6mcnIb,6.319104e-08
ID_GD0UDAHw,0.3257318
ID_GFCLO42o,0.00016687394
ID_GGLvJYqw,0.7790282
ID_GGNp3zQm,0.61017454
ID_GGsca5qR,0.3434357
ID_GIG7cJQF,0.017879386
ID_GIJXnwMv,3.4843429e-06
ID_GJJPkwWM,0.0031433855
ID_GJfEOoOS,3.885659e-06
ID_GNStTRWb,0.90283597
ID_GPAnX2C7,6.191739e-05
ID_GQXM5AQ7,0.095226035
ID_GQYwKYqn,0.7281111
ID_GRVfXEhh,0.4322263
ID_GS2HUYjb,0.0055594835
ID_GSBRCcby,6.525936e-08
ID_GXfyxluQ,0.00011659572
ID_GaHG7kPL,0.88702554
ID_GaQvVWbo,0.07196877
ID_GcSJJ1fF,4.338551e-05
ID_GdKGU2HL,0.6485835
ID_GdNWLhpP,0.18650891
ID_Gfb9UuDf,0.6625476
ID_GfjhgU7C,0.19081429
ID_GgbisHXP,0.3139954
ID_GjAvYvc6,0.9512814
ID_GrPVk8dO,0.9650715
ID_GtDxOsf0,3.486957e-06
ID_GtUgxF4s,0.29509115
ID_GuwVO7Cm,3.1779578e-06
ID_Gw88Mei4,1.1081316e-09
ID_GwEZen9S,0.4861424
ID_GwVE3U31,0.978271
ID_GyEqD4HL,9.609156e-06
ID_Gzin6ysB,0.07170638
ID_Gzx4upR0,0.24536529
ID_H0XT6NCw,0.009526087
ID_H2X7CK4i,0.9618199
ID_H2tho5M3,1.9307015e-06
ID_H4EAIHgO,0.9666227
ID_H4jCxfxl,6.351214e-08
ID_H5Dqkq22,0.05274369
ID_H5IHjowN,0.009139063
ID_H7FFbWcv,0.14802217
ID_H7QHDFQi,0.0018242017
ID_H8FBYxEa,0.7305731
ID_H902ONJX,0.9781218
ID_HAKZXr2q,0.974634
ID_HBr86LzR,0.92984
ID_HCULToPi,0.0054968772
ID_HCUkIGuu,0.86082983
ID_HEgtUEP1,0.97189075
ID_HEjhNYrK,0.73532903
ID_HEmjV7Jx,0.9968561
ID_HFDxjITY,0.047496557
ID_HG7P18S6,9.205121e-08
ID_HHX2dYHI,0.899751
ID_HIige6fD,0.0011980191
ID_HLEden3T,0.04036628
ID_HLS3Ut4J,0.99099827
ID_HOVhFyef,0.7865563
ID_HQJ0hap1,0.030411914
ID_HRMINFUb,0.00017972893
ID_HSd9j4X5,0.5667831
ID_HSpWxVu5,0.008790783
ID_HVU9vSnZ,0.7864338
ID_HWDnJ0Rk,0.00010670618
ID_HXXBPQGM,1.2118778e-06
ID_HYKRU6J9,0.7504917
ID_HaHXchlu,0.97658324
ID_HaT0XmRO,0.006247404
ID_HbF5GExE,0.73820746
ID_HcmcIJGQ,0.99248916
ID_HdJSn5MW,0.00091825146
ID_HdwNLAR6,8.989751e-07
ID_HeBgnLUm,9.893645e-07
ID_HfOt8G3L,0.03576736
ID_HfwfmFIR,0.033400994
ID_HgrTCszm,0.024919372
ID_HiJRmglz,5.1905182e-09
ID_HibbbS4y,0.0006577436
ID_HjveotB4,9.045003e-06
ID_HkP2WT0r,0.9864016
ID_Hkk4nyL2,0.87504447
ID_HmS453an,0.16639104
ID_HpGIgBFP,8.573789e-06
ID_Hs45Bzk8,0.0010407448
ID_HtinHUt5,0.00096902304
ID_Hu1iOUKq,0.052635342
ID_HucvryIO,0.9715987
ID_HvefUaHD,0.3167818
ID_HxECndFJ,0.97915196
ID_HxImK4FF,0.5042984
ID_I17eX6Qz,0.52798915
ID_I6Goirwy,0.00047289394
ID_I9lJ4nVj,0.066882215
ID_ICfFeeD7,0.09056864
ID_IEIkcE0D,0.98223466
ID_IEXjvhyT,0.9917846
ID_IEud8MSn,0.7564653
ID_IGnGUAIf,0.0013555589
ID_IGv46aPk,0.10153928
ID_IIHcAmIo,0.74646944
ID_IJuXnm2u,0.67563
ID_ILNg0cgA,0.04230549
ID_INpuVYlq,0.13356028
ID_INsNKo5M,0.36435905
ID_IOYVDduC,0.0020138805
ID_IQzuD30r,0.98718905
ID_ISvZlml5,4.096434e-09
ID_ITCJFPRL,0.9318754
ID_IU3QdXpM,0.9947896
ID_IUaR7c19,0.6121495
ID_IVAvceCJ,0.48676154
ID_IXOTGo1y,9.4304696e-08
ID_IXaQekqR,9.013927e-06
ID_IXimpYyg,0.047138333
ID_IYAni3GY,0.9394384
ID_IaHSBARM,0.9566886
ID_IaO28fLB,3.9211375e-07
ID_IbBGNz3A,0.98542464
ID_IcB2jiBv,0.98361206
ID_IcXoDK0z,0.9694681
ID_IdVCK7g5,0.8726058
ID_IeAdQxaC,0.9314925
ID_If0eKrFS,0.9868353
ID_IgHWwLJb,0.9940372
ID_Ihl09Qvk,0.0015013118
ID_Ij2b3PuF,0.6448893
ID_IjyNgXQc,0.9583565
ID_IkaNT6Q2,0.98673147
ID_Im3YjaVP,0.9843951
ID_ImObXUr4,0.061481662
ID_ImjpkS3n,0.68334585
ID_InBKl0HK,1.3165928e-05
ID_InIsHQ1L,0.0096084755
ID_IoPzPb0K,0.027590988
ID_IoxWsU3Z,0.043839656
ID_Iur8p6jC,0.005809059
ID_Iv15AYeJ,0.070009224
ID_Ix2eb7eT,0.9961353
ID_Ixlq5sHf,0.70165557
ID_Iyiq6Mk8,0.9290189
ID_J1XoGTmM,0.33289894
ID_J3O1i1f2,0.026712079
ID_J40EvFIt,0.0010085047
ID_J4Btsyfa,0.58847165
ID_J4KnVZOl,4.6659207e-07
ID_J50Fd2PE,1.736904e-05
ID_J6UY9R1Y,0.9976177
ID_J6VXvELD,0.938677
ID_J71Fjlbo,0.09510475
ID_J8GyIVXO,0.010575924
ID_JAFc8ecX,0.84118396
ID_JBMuvXvY,0.21221076
ID_JBel5RwQ,0.24766463
ID_JDllexNP,0.65134037
ID_JE3DHm6c,0.982342
ID_JFjE7ULD,0.9815632
ID_JI44CAhX,4.164859e-05
ID_JIEwjlrC,0.9658717
ID_JIaSnXgj,0.00040186621
ID_JImNYa3t,0.86503106
ID_JK6hGivO,0.69382834
ID_JLtxOpo8,0.8774039
ID_JMKlkvcm,0.6538356
ID_JPSKCVcn,0.9704657
ID_JPZy8God,0.9176617
ID_JQK1u1QW,0.41722474
ID_JQhjMMdQ,0.6377761
ID_JS7f6BYk,0.96140116
ID_JWFiZ8i6,1.8252307e-05
ID_JYhiz2NL,2.353076e-06
ID_JZ1vR2Jp,0.94754153
ID_JZXZIu4x,0.31393498
ID_Ja9uFFVE,0.6083636
ID_JaZNcqXC,0.08389096
ID_Jag1ThPV,6.667815e-06
ID_JahDYNEA,0.96719044
ID_JclaWESP,0.8505773
ID_Jd9km231,5.6627025e-05
ID_Jfcq2QxB,1.1182025e-05
ID_JhM4yQee,0.96039295
ID_JiA1TwLI,0.90392166
ID_JiKfXwC5,0.6144248
ID_Jic3tRge,0.65959585
ID_JkTAn36o,0.028416311
ID_JrjPXrL6,0.8481436
ID_Jrjcksic,2.2860198e-07
ID_JsVWvr3p,8.389544e-05
ID_JvmFFn80,0.98293895
ID_JwoqgseD,2.5859156e-06
ID_JwvsEl3O,0.035419717
ID_K0j0DwIU,0.9910387
ID_K4Oic0Vs,0.515152
ID_K6WbzhHj,0.9800664
ID_KBtDeFFv,0.6557519
ID_KCQQ52ag,0.012923075
ID_KCVVjw6k,8.37038e-06
ID_KCxG9afb,7.919492e-05
ID_KDCj2sk7,0.24057591
ID_KEi3TJw1,0.001500332
ID_KI2TS9yV,1.72187e-05
ID_KIFDl1S1,0.9027229
ID_KJrsXxMa,0.9939898
ID_KL6efCJD,0.80206645
ID_KOeVK30z,0.34882262
ID_KPUiZZiP,0.00059255376
ID_KQNDysK5,7.0073605e-07
ID_KYFINuWn,0.07480429
ID_KYoKCdBy,5.71289e-05
ID_KZVZIVl7,0.9940833
ID_Ka6jIrNo,0.0044879694
ID_Kaad1WTy,3.944616e-05
ID_Kb6CO3Iz,5.2356804e-06
ID_KdswKjuZ,7.157422e-07
ID_KebthD60,0.9121324
ID_KfvzMNwe,5.7579462e-05
ID_KfwLEF3N,0.035879795
ID_KgSp5ebj,0.16185778
ID_Kj22rEHw,0.0012548167
ID_KjasuyPZ,4.6702706e-05
ID_KjlyGwPa,0.025120353
ID_Kl2B3osN,0.8768489
ID_KmQUCjiT,0.00867053
ID_Ko6S0fSV,0.554405
ID_KoyeGEKL,1.0572336e-06
ID_KpXqYiaV,0.97993827
ID_KqRT2Ury,1.7822293e-05
ID_KqjmSjaH,0.73551714
ID_Kqr3NZ5Z,0.0019112186
ID_KrB39klh,0.9700484
ID_Ksp7f1KU,0.0001043088
ID_KuReEVMI,3.263677e-06
ID_KuSDliOO,0.7616216
ID_KuSYQa2a,0.100212514
ID_Kv7j3oou,0.03715153
ID_KvVXcqlR,0.00798229
ID_KxLkIhrZ,0.9671184
ID_KySS6Klw,0.47915965
ID_L0BXARmJ,0.26346958
ID_L12hhxgi,0.455461
ID_L2D1NACi,1.0904701e-07
ID_L3BewowP,0.98753893
ID_L4XcrZaJ,5.480017e-07
ID_L5WyDnuo,0.98261213
ID_L5eQ1M53,0.88591254
ID_L73d2CZo,4.7706358e-06
ID_L85nFwGc,0.007846672
ID_L8bYtvfu,0.001233549
ID_LBpeGIHu,2.7070882e-08
ID_LEbUPJCg,0.0015204311
ID_LHd5Sm7T,0.6699842
ID_LIUQqdP6,0.9813344
ID_LKG8w8C3,1.2330331e-06
ID_LKGQSHNx,6.585617e-05
ID_LLWrmtT0,0.974906
ID_LOjY6gLw,1.4492764e-05
ID_LPQUwk3z,0.8857628
ID_LQA7WdRr,0.98284376
ID_LQzCJ2U4,0.9863831
ID_LRJQeKXR,0.9945321
ID_LUcs3fFn,0.9185244
ID_LVgC8tDU,1.4176305e-05
ID_LZSqzbgb,0.082808554
ID_Lb0rQEjE,0.011316094
ID_Ldw8RzWk,0.56440747
ID_LgDVL3De,0.866393
ID_LhGfcxfE,7.1577693e-07
ID_LixUqJPY,0.013472552
ID_LkA8Bhp3,0.9858453
ID_LmAePWFm,0.95130265
ID_LpXdQiTe,0.99361926
ID_Luf8WOZb,0.11196892
ID_LvagGwVM,1.0721917e-06
ID_LwGC2OWM,0.0003281155
ID_LxDszl4L,0.17467608
ID_LxHYG6xa,0.012318344
ID_LxLTOyw7,0.98847365
ID_LzqXR5IZ,0.90149665
ID_M0GIaF4M,0.98012346
ID_M2s3LzY1,2.2156178e-07
ID_M42figrW,0.8754502
ID_M4KRKiPJ,1.8298763e-06
ID_M53oXEUl,0.089436285
ID_M7RItyq8,0.9909173
ID_M9uKugvT,9.741238e-06
ID_MB3TQZ09,0.20128915
ID_MBI7h879,6.8747846e-05
ID_MBlkr0LG,0.46784252
ID_MD45epNZ,0.56703407
ID_MEEcaZMO,0.7483812
ID_MF57xlXk,0.0022729037
ID_MFF3jvH8,0.0006364369
ID_MGHNPUMp,0.9735511
ID_MGbC5pTv,0.9942505
ID_MHHW0YEN,0.78737795
ID_MHqdq1eO,0.68683714
ID_MI5Wx2TA,0.00010336318
ID_MLFiM9Vl,0.00026351638
ID_MNfrbUdk,0.9044329
ID_MPC68vuQ,0.4852577
ID_MPmkJQxZ,0.9931906
ID_MQWPKfLO,0.9112338
ID_MR6pni6F,0.9832541
ID_MR7aTZsu,0.9961466
ID_MT5Xokqp,0.99776316
ID_MTAdOA9R,0.2555611
ID_MTlsSHQ7,0.09885384
ID_MVFWU0L1,0.7875494
ID_MVGubzv7,0.3805736
ID_MVieqLdl,0.8339555
ID_MXBFlWSs,0.77058816
ID_MXD1XSa3,0.0035142489
ID_MZ1bP7LV,0.9945897
ID_MZFZko6x,0.928081
ID_MZegXo0N,3.9765464e-06
ID_MaHZRRLt,0.8963092
ID_McNpXCkr,0.5663289
ID_MefgLRV7,0.99621546
ID_MgBj8243,3.3826448e-06
ID_MgLuNCb7,0.89531976
ID_Mi910Ap2,0.9965303
ID_Milq9BrP,0.0043876776
ID_MkFtS1Ba,3.5065208e-05
ID_MljqhI5X,4.8556053e-08
ID_Mm2EHO2Z,0.10630742
ID_MmKrNrFx,0.8014346
ID_MnlwAKZU,0.094960205
ID_MnvrNs50,0.8934076
ID_MoTofdoO,0.00010368914
ID_MotjHFk0,3.0040525e-08
ID_Mpiezdvy,0.00058644696
ID_MqTbjqiH,2.348794e-06
ID_MtXga3u0,0.36216533
ID_Mug6IjK3,0.95324814
ID_MuoW62YK,0.00048624058
ID_MxE9sWSa,0.9590527
ID_MxgyzTiH,0.97018164
ID_MzOBT9Vm,0.008792045
ID_N1Zy3x1T,0.4860819
ID_N2KwbJV8,6.6147845e-06
ID_N2d29oS0,6.6339658e-06
ID_N3xiZlap,0.9949399
ID_N4rnEFyu,0.02640933
ID_N8stckPa,2.0173002e-07
ID_N9gxVIlw,0.00013622938
ID_NABQY8EX,0.7576821
ID_NCPqIPGF,0.4153098
ID_ND5TCVB5,0.99013567
ID_NDxFQE6j,0.99466187
ID_NEOXfmjN,0.8826655
ID_NHMCFdxv,1.0168632e-05
ID_NHOMFeSM,0.019904949
ID_NHUug4jU,5.4331076e-07
ID_NHa0kT9X,0.0004537479
ID_NHiZ2Av1,3.2764294e-06
ID_NLOliKg4,7.831176e-05
ID_NLbSS8vw,0.9783535
ID_NLi3TIhi,6.598184e-07
ID_NPJHtdLk,0.5311213
ID_NT6JR00X,0.90440625
ID_NUoZjWIz,0.9516788
ID_NZUjlR2N,0.9721782
ID_NZjIMZcN,3.3786737e-06
ID_NZvFy6AT,1.0458192e-07
ID_Nb09euZb,0.000385946
ID_NbtdxKd6,0.9804664
ID_NfztCCk3,0.000108140266
ID_NgTiPuXS,0.98184264
ID_Nj0G3mHb,0.944598
ID_NrDc9ZsL,0.08709775
ID_NskDq7Ft,0.9960291
ID_NsqiXooo,0.036105063
ID_NtCQmLA0,0.8884863
ID_NvHgWEE3,0.7050755
ID_NyIemZYU,0.5873775
ID_NyMLjObm,4.32287e-06
ID_NzBFZaAB,3.4776295e-07
ID_O0HZdvje,0.9921408
ID_O1vqWyIf,0.0014053364
ID_O2HcuqHD,0.14228894
ID_O5SKGxU0,0.97433525
ID_O6lnqiCO,0.9898896
ID_OCpWtT2G,0.6396014
ID_OF2VyzQa,3.995389e-06
ID_OI9yaYrm,0.9443366
ID_OLpkZEX2,0.16729859
ID_ONgpYQU9,0.4416579
ID_OOuywraG,0.00016742581
ID_OQYKNAb6,0.04523514
ID_OVWIxXve,0.9424125
ID_OVmnf3V7,5.241451e-09
ID_OWGN0F8X,0.022361115
ID_OWiWyelp,0.47432905
ID_OYlVkZsK,0.0005397896
ID_OZ1zHK4G,1.0269157e-05
ID_ObCLOCm0,0.7836866
ID_OcKaKWQj,0.97465473
ID_Ode3hC9d,0.9924766
ID_OeqW1MTt,0.8824209
ID_OfMV3u7Z,0.22739308
ID_OfsiuuKJ,2.7744711e-08
ID_OgfMpRlA,0.6002609
ID_OjmYbsLq,0.91980404
ID_OkUZVTsI,5.481541e-05
ID_OkXPN3fO,0.0011442264
ID_OmCmVCec,0.9691315
ID_OoFo9xjN,1.02653544e-07
ID_OoR5u6js,0.97451794
ID_OoT1tlLY,0.962988
ID_OqngFCj6,0.000759056
ID_Or4WQV1e,1.2889666e-06
ID_OsXWx3Th,6.431589e-06
ID_OslcNCQX,0.9965398
ID_OtgybtQN,1.3485528e-05
ID_Oul9tYei,0.87668544
ID_OwbBIKUy,0.015566579
ID_Oy50njjF,0.9790194
ID_OzxVFhxy,0.007226728
ID_P0yXKn80,3.5118792e-06
ID_P1GJwGgd,0.018402735
ID_P5qEGwKp,0.3868419
ID_P6qRM108,0.9111646
ID_P7gflZt3,0.1651713
ID_PAPeRxIL,0.8149882
ID_PEoobJCT,0.24623398
ID_PFxMZxLP,0.0052904636
ID_PIyp8zvp,0.9626798
ID_PJftmZgZ,0.92468566
ID_PKXFDTox,0.9977715
ID_PNsTqCcz,4.5071576e-07
ID_PP1G7uCS,2.279555e-05
ID_PRTfbgDl,0.5118232
ID_PS7fo49y,1.1560763e-08
ID_PSEnOdGI,0.25382915
ID_PT3dNTnu,0.99117553
ID_PTnhZjwk,0.00027335965
ID_PU0t4TYE,0.026775846
ID_PW7iBtEh,0.26023576
ID_PYbiSqOV,0.061942257
ID_PYv7l4Uf,0.0028700074
ID_PZ8ezuGh,0.13920255
ID_PZdGRLrA,0.80454683
ID_PcePla01,0.0015970273
ID_Pd3VzJNE,3.6191544e-08
ID_PdjkW1QM,0.0009225023
ID_PefIY7Qc,0.00035157937
ID_PiEYUxak,0.72087157
ID_PjjIOqGT,0.270108
ID_PkebRTI0,0.9908641
ID_PlWQLPZG,0.052699197
ID_Pq3YvHmn,1.3308252e-06
ID_PqWooJWu,0.03495284
ID_PrmGc1n7,0.9845911
ID_PrrBBWhh,0.7288064
ID_PruzsFnW,0.9106323
ID_Ps2h5jI2,0.0008662209
ID_Psar4aGA,0.98338586
ID_PvLzjEQa,0.9410944
ID_Px7FIagc,0.73472136
ID_PyKW2enw,0.8869901
ID_Pz7d884Q,0.9028344
ID_Q02ajeoj,0.7607619
ID_Q1jfJOlp,0.9797094
ID_Q2jNRqhE,0.7856783
ID_Q3X3288s,0.018461162
ID_Q6A69NFv,0.80033785
ID_Q7mQffAf,0.9880343
ID_Q7znLZE9,0.44837922
ID_Q93GxPlm,0.69895333
ID_QAB9SQAb,0.45390934
ID_QDX5IuLq,0.37926582
ID_QF6RLRFE,0.9402667
ID_QHWtT0S0,0.9493915
ID_QHtSuPLz,6.721526e-06
ID_QIPHQRAF,0.053935464
ID_QJfzxEf6,0.040729642
ID_QKNxd8IE,0.7705502
ID_QQ56KKR8,0.6379868
ID_QQ65B5nu,0.93292373
ID_QROaG6ot,0.033862215
ID_QRnaT7IN,0.9859907
ID_QThcRDFr,0.0026963977
ID_QUeD4ova,0.87166613
ID_QWIH1GpP,7.978916e-05
ID_QXGska5W,0.36620864
ID_QXvlkhkH,0.77796113
ID_QYCD6A88,0.7677815
ID_Qcftc5N1,2.4211548e-08
ID_QfHhJVY9,0.94152135
ID_QgUWywYd,0.009002587
ID_QiPuRE2S,0.034940053
ID_QjqmVhpC,5.377562e-06
ID_QkyGP5Hj,0.017640548
ID_QmS4qZLw,0.9338775
ID_QnZjEJmp,0.83359253
ID_Qq6YcK7s,7.23288e-08
ID_Qq7UW8Nt,0.00020356491
ID_QrdTM1il,0.9741559
ID_QsciRVrM,0.55402327
ID_QtoQh3eU,0.02648821
ID_Qv9ceu0C,0.9851474
ID_Qynm8MtC,0.9443
ID_QzeCSeUd,0.9662505
ID_R076EM7z,7.837503e-09
ID_R0urwRdN,0.22362876
ID_R1E5hVkc,0.99565494
ID_R1jFhntF,5.8583566e-05
ID_R2OUsJdy,0.91182405
ID_R2RA0UJh,0.6395732
ID_R58WP0yJ,0.062614754
ID_R6EYVFTk,0.045130376
ID_RBacJSPD,0.09166703
ID_RBmOPHjY,0.0061038677
ID_RDluRdhz,0.9823841
ID_REmIBJrE,0.0013786581
ID_REwfDprI,1.4749321e-07
ID_RGjXOnDy,1.3844491e-06
ID_RJiCVS5t,0.00015211216
ID_RKO9bBt1,0.0003079051
ID_RNQQ2aIW,0.9930323
ID_ROhvYJ9n,0.13016328
ID_ROs0cpNQ,6.739382e-05
ID_ROuj2BEg,0.0034847115
ID_RPBGEv4O,0.4163553
ID_RPY5SJCC,0.95344853
ID_RVEmVVrD,0.83780575
ID_RYnCMLA2,0.98384225
ID_Rawi4Mxe,0.0065122508
ID_RcdFwS2H,0.8414874
ID_RcvHsNri,0.95548093
ID_RdPcM2Wi,0.8734882
ID_RdWLTDir,2.1819699e-06
ID_RfO8nLgD,0.040096406
ID_RfpwY7I0,0.55176437
ID_RidaUdN5,0.96465147
ID_RkEy1q5T,0.47634894
ID_Rkz7dENO,0.0003122107
ID_RmO0O9bc,3.4993725e-05
ID_Rmc4j5MQ,0.9230784
ID_RqeFHCFh,0.0008782357
ID_RsAqtqzT,0.94385946
ID_RsrLmOkw,0.966277
ID_Ru4Gzm4V,0.99206626
ID_RuVfgN6M,0.9210581
ID_RwXOSnIB,0.98772484
ID_RwvCU8F2,0.954513
ID_RxYBGg1T,0.0038147129
ID_RykA2p1L,0.9593493
ID_RzCHErWX,0.9134034
ID_RzS6oqMx,0.7041608
ID_Rziw1Z1u,0.9232057
ID_RzjuMTqt,0.014972717
ID_S2Nz584h,0.20932883
ID_S4FuwCuM,0.00040912637
ID_S4PDxf92,2.002354e-06
ID_S4bDPEfd,0.25022483
ID_S5Ol2iHS,6.4728183e-06
ID_S6HrvDKL,0.9576804
ID_S8EkCPnO,0.9647573
ID_S8aCRnCx,0.975203
ID_S9tJwmXd,0.07541385
ID_SArSwafL,0.984067
ID_SB76vt34,0.034792554
ID_SB9IsEMF,0.8737914
ID_SCcfq1T9,0.9713368
ID_SDy7y0VB,0.00011075568
ID_SFWFoMGL,0.8573742
ID_SH7biG4U,0.0007294483
ID_SIpoTPDn,0.90496653
ID_SJ2tOTZZ,0.010602525
ID_SJWI5PUl,0.94488263
ID_SLYZNMuv,4.2214234e-07
ID_SMEdq49Y,0.00019125851
ID_SMF0Fst8,0.017468672
ID_SNjhOLdU,0.92800033
ID_SPpFnPwx,0.120753914
ID_SPs8524m,2.489443e-05
ID_SRyE0OHe,0.98644483
ID_SSHFFO4B,0.99608904
ID_SYe7V7gg,2.9567866e-06
ID_SZWgVlkB,0.91019416
ID_SaKJlwz1,0.98887426
ID_SaqJZWuc,0.04572212
ID_SbPo1a1D,0.24156567
ID_SchxjapT,0.9954399
ID_ScsCOeQm,0.597347
ID_Sd0vYHxL,0.672634
ID_Sd1il2h5,2.7266299e-06
ID_Sf1qtvAV,0.9848846
ID_SgSbJcMa,0.98396105
ID_SkN2euv0,0.92554784
ID_Skm0GbBh,0.76393807
ID_Sl5fcBrN,0.27046406
ID_SlZLXVg5,0.8288397
ID_SmJ023y9,0.016086606
ID_SoulmUhu,0.04053155
ID_SqbhA90y,0.989926
ID_StrEzMsq,2.0607655e-07
ID_SuN2isWl,0.46999362
ID_SulCTA7b,0.0006639146
ID_SvnyFEz2,0.0009724596
ID_SwUtihGR,0.04458602
ID_SweXB3mS,0.99655956
ID_T2q1Sjd0,0.80546725
ID_T2xLcH9U,0.97358155
ID_T3DemaES,0.9404739
ID_T5jW1OH4,0.6759174
ID_T7jCUWVs,0.0016249404
ID_T87QIIIp,6.286855e-07
ID_TAdh6rzI,1.7481171e-06
ID_TDF67Qwo,0.98994875
ID_TE13uP1h,0.0017003772
ID_TE43EbxL,8.853847e-08
ID_TEt6BHgZ,2.5175035e-07
ID_TGNk6Y8Y,6.433596e-07
ID_TIAwZCd5,0.8085983
ID_TJ9Q570B,0.93219095
ID_TLnvv2K6,0.13894707
ID_TNM0kSn5,1.8257552e-08
ID_TO1baCEW,3.0710203e-06
ID_TRBeJ6ys,0.98173535
ID_TS3iVYMN,0.6117983
ID_TTQHKwFe,0.9532341
ID_TU1Tir1g,0.027112218
ID_TUbnJzm1,0.0058867303
ID_TUxsUK4L,0.34370688
ID_TWCtqQJF,0.6973845
ID_TWpSmRZ9,0.88774663
ID_TXGv9Uhj,0.68019956
ID_TZwSQxPf,0.88764256
ID_TcB45OnX,0.9925254
ID_TdQRTMbj,0.9506465
ID_TegwGM6x,4.263e-06
ID_TerT2AmF,0.00011059729
ID_TfGvavPp,0.9460294
ID_TgPiO46O,0.00074276654
ID_TiO4C9tq,0.11614924
ID_Tii5yQAd,0.84094954
ID_Tj0kqLCU,1.1695722e-07
ID_Tk3q2o7M,7.693265e-09
ID_TkPAuRYh,0.10865798
ID_Tkp3Fs8W,0.0062596914
ID_TlNXvMaU,0.0014279332
ID_Tmti5rCX,0.93705475
ID_Tq67VwNh,0.00058664475
ID_TqndvzUx,0.4472634
ID_TrCuihzi,0.97254527
ID_TsDSFf0P,0.9950989
ID_TsnX1Dts,0.11363218
ID_TwHptkwb,1.1309005e-05
ID_U183YkHA,0.84184
ID_U1Vo7F4R,0.019292496
ID_U1XWyBw2,0.54701275
ID_U1Xo5wTr,3.5251765e-06
ID_U1kzuxfU,0.99253833
ID_U1oQRxHO,0.7478259
ID_U2a7r32A,0.9978719
ID_U3s3kVpp,0.60265553
ID_U4Ub1qLL,3.606855e-06
ID_U4w9YWP3,6.878257e-06
ID_U6NvDP5P,0.9885005
ID_U7mn09Fa,0.9692083
ID_U7stUgi1,0.98857784
ID_U9Jlm7OE,0.1609927
ID_UET5Mxc0,0.7535327
ID_UEaQLGxJ,0.062992685
ID_UF6dp9ip,0.9527192
ID_UGytH6gm,8.843215e-05
ID_UHCzLHCj,0.59487
ID_UILsY9kk,0.8264279
ID_UINDiVhV,0.0068012904
ID_UKnS4fqy,0.879288
ID_UNIf5wMr,5.329043e-07
ID_UOjM834E,0.24295646
ID_UPPGGAFi,8.249708e-06
ID_UPzeoSCr,0.09295274
ID_UQjY4At7,0.5643739
ID_USyGH9AV,0.9764844
ID_UTzEKcuP,0.7749672
ID_UWgN5pEe,0.00020854035
ID_UXCa1e7C,3.426025e-07
ID_UXO93G1o,2.5427866e-05
ID_UYrdd0EL,0.51577747
ID_UaR1UZqo,0.91348803
ID_UbFfSQGf,0.00088651327
ID_UedwGkVD,0.18261112
ID_UfcMIu9V,0.00020226848
ID_Ufto5gMX,0.77319425
ID_Ug2qCh0m,0.6039678
ID_Uhivoeke,0.30000418
ID_Uj6GF7Bj,0.8263499
ID_UkQ3VUKH,6.376853e-08
ID_UkiGPil0,0.9760324
ID_UkrCEOby,0.12011641
ID_UlTuHjZ1,0.0059950515
ID_UoD4TJ1M,0.5589724
ID_UpxlPOTQ,0.0018055555
ID_Ur5s9VM8,0.01572815
ID_UtBvNxbz,0.989689
ID_UttTllWP,0.06152334
ID_UwbM61S6,0.971098
ID_UxzP1v0E,3.4672175e-06
ID_Uyc3G0Aq,0.98374283
ID_UyhzecS2,0.39101094
ID_UzIuwSj1,0.9734467
ID_UzR4xXHa,0.9342041
ID_V0PCmfNI,0.7360258
ID_V0VkRxXy,0.46869242
ID_V4Hkt9pk,0.025273476
ID_V4vw5TPs,0.98878056
ID_V7g4aI36,0.9578483
ID_V8wRuEKs,0.42648494
ID_VA2NIICG,0.0044094794
ID_VBE4Owa9,0.9937955
ID_VDPLOqDU,0.07546561
ID_VEj3MLGb,1.9144096e-07
ID_VEztGqfz,0.0007429184
ID_VGAQ9CCX,2.9787905e-08
ID_VGgfooSO,0.0057630017
ID_VI17I9u5,0.7930728
ID_VI75JIYR,0.931023
ID_VJY6CxPr,0.0008939717
ID_VLm0rQi3,0.99011695
ID_VM3saXKB,0.00011634178
ID_VNF29MdT,0.99371964
ID_VNjmSD9i,0.0023355763
ID_VOBI9qw5,0.123975016
ID_VOS1crvd,0.47759482
ID_VRjBKdYQ,6.410214e-06
ID_VS6sITNx,0.13428113
ID_VSYiNEFf,0.94358784
ID_VUngxZor,0.2524445
ID_VUsuiYXY,0.10056761
ID_VX7IoKir,0.7983794
ID_VZygkD0q,0.9900435
ID_Vb52X6sc,0.0392834
ID_VcLqg2Ap,1.4534953e-05
ID_VeHS6zab,0.9851741
ID_VewsbY3i,0.94053143
ID_Vf9dUxn0,0.9648511
ID_VfYI3RtQ,0.06823244
ID_VglwGGjC,0.0047734426
ID_VgxPUieF,7.395215e-08
ID_Vhuwzoib,0.0001423525
ID_VimdCwav,0.72790986
ID_Vj0yl5QK,0.9411907
ID_Vj66IDYd,0.99268866
ID_VjZhd1DX,0.006778975
ID_VlgJp6zE,8.3955186e-08
ID_VmGzXcQv,0.00014586806
ID_VnATqLsG,0.98267156
ID_VopgRs91,0.8106117
ID_VpCZyGHy,5.755711e-05
ID_Vq6zRBuY,0.4539128
ID_VqQ9KQLY,0.9331083
ID_VqvubsFx,0.6071543
ID_VqxG8LrH,0.9676074
ID_VrGyFfA0,0.05523284
ID_VrWjTp0v,0.1571141
ID_Vrb7FylG,0.8350425
ID_VsdAZCe6,7.361344e-07
ID_Vszh6RGQ,0.6854639
ID_VyEec8aW,2.6610644e-05
ID_VztO4Pr1,0.38207746
ID_W1zVyU7L,3.276256e-06
ID_W2XIVIUN,0.9367975
ID_W3Sr7vpz,3.6139816e-05
ID_W3W0Eu9d,0.87296736
ID_W5KCPegM,0.0010985938
ID_W6vCthwp,0.99191386
ID_W7Uutyyh,0.8857338
ID_W8Vyal1T,0.8890055
ID_WAEFn6pU,0.9428216
ID_WAef9L8m,0.061496764
ID_WD3GTq2W,0.7811578
ID_WEhizAKI,0.98216987
ID_WKPQtNi4,0.8849097
ID_WMKlK92f,0.8778421
ID_WPKjKOU1,7.910008e-05
ID_WRVKqdui,0.97277
ID_WUuyPfrc,0.6862798
ID_WVNxUt3y,0.04619986
ID_WVd2N7SM,0.26802394
ID_WYd6JOZL,0.04054889
ID_WZJ1xjRC,1.9304152e-05
ID_WbaTqyUl,0.7717471
ID_WeJkHBYK,0.5695425
ID_Webnms69,0.9926648
ID_Wf1Zhaa2,1.681157e-06
ID_WfMXu1GD,0.54564995
ID_WgD1H2Uu,0.94250405
ID_WhAJw1NN,0.9731537
ID_Wk9bNw50,3.2807725e-07
ID_WlbvW4NO,0.3718674
ID_WmyX9yKa,0.047453344
ID_WntVaa1m,0.00020314699
ID_WoVEPRNL,0.019074244
ID_WpPiiuXd,0.971796
ID_WqS2LO6X,0.6988278
ID_WshjlAV8,0.95616215
ID_WuXhiOhW,0.017149111
ID_WvIgAgQ2,0.0016393488
ID_WxSfWbtk,0.9944557
ID_WzhE02zr,1.705396e-05
ID_X1PUjkeJ,0.90547144
ID_X1fw178B,0.000414291
ID_X8Y5LRba,0.013271095
ID_X8aJKwVf,0.05635199
ID_X9DDxifb,0.9942035
ID_XAJEeDIj,0.0016143967
ID_XCZ1lLJi,0.98003936
ID_XCzHZarL,5.1680974e-05
ID_XDN74jwZ,1.537628e-05
ID_XEtxedo0,0.31436095
ID_XHVcipnx,0.9901806
ID_XL2F60LW,0.47874397
ID_XNDRSN9e,0.9856389
ID_XNTXqJYj,0.7681224
ID_XNlN7AEF,0.00042957778
ID_XNuISvV6,0.95268166
ID_XOUVWTu0,1.3984431e-06
ID_XPfyjQ5u,8.126195e-06
ID_XQ6WF9ej,1.6403366e-08
ID_XQGW0fcW,0.011409957
ID_XSMpXXnw,0.9880062
ID_XTqUbW7P,4.1260108e-07
ID_XUSsX57n,0.98321545
ID_XUiocwXh,0.7813182
ID_XaH2y4Mt,0.9567497
ID_XccTovDK,0.61996
ID_XcfA8WOB,0.21517166
ID_XciUEMyo,0.45349002
ID_Xdi4EuLN,0.973758
ID_XeuYs4iS,0.039977457
ID_XgQYFzMU,0.0198132
ID_XhmmFteX,0.95848083
ID_XinVVHfz,0.8238745
ID_Xj9oeajD,0.00023801596
ID_XkbSfdPE,4.1740773e-08
ID_XlMuR2BG,0.8100909
ID_XlQRH4vV,0.8587735
ID_XmNIhF52,0.99514776
ID_XnevrTxR,2.3997734e-06
ID_Xo1zdFRd,0.09204091
ID_XoKd1Qj2,0.52976894
ID_XpT5Nnre,2.9339532e-07
ID_XqDbGaYW,0.44200262
ID_XqVUiOYz,0.9909698
ID_XrhejXpR,0.011319066
ID_XsuZF3u4,3.893771e-07
ID_XtaguO7f,0.0062795943
ID_Xw60YYF2,1.4153008e-07
ID_XwOEfM51,0.05257549
ID_XxgsbMH2,0.41356742
ID_XxvuMlK5,0.3925087
ID_Y1OHQ7cm,2.3196685e-06
ID_Y1cbDnJf,0.98366535
ID_Y5Ngeweu,0.07263819
ID_Y5UlUUAx,0.84706795
ID_Y6FjVr7S,6.47512e-07
ID_Y6j0SnO0,0.09356375
ID_Y734OP3D,0.9946815
ID_Y76wrhps,0.2309903
ID_YAjkEfIO,1.7020851e-06
ID_YAvhxXvI,0.8810495
ID_YAyIbuRx,0.80672944
ID_YCUI3spl,0.62411875
ID_YFXcJ4gY,0.0018717876
ID_YGSBWKeY,0.9570103
ID_YGYfcj1f,1.0337336e-05
ID_YGuFBLch,0.97869414
ID_YHNdV4Uz,6.435475e-05
ID_YJ2oBnBc,0.91436833
ID_YKfOEWvW,0.8824777
ID_YL7VIEdO,0.45092696
ID_YLFp2tho,0.9934771
ID_YM6QMaNq,0.00097291067
ID_YMegqIbr,0.093482435
ID_YNIGPomE,7.110774e-05
ID_YObyVdAX,8.878142e-07
ID_YPbPsg0H,0.012353682
ID_YR2cCkGu,0.6534037
ID_YRijwoSb,0.09545432
ID_YTe7OmNz,4.526562e-06
ID_YVF7HlvO,3.0039666e-05
ID_YVzzeq4K,0.6754184
ID_Yamx56cd,0.7265003
ID_Ydm8FRzi,7.759677e-05
ID_Ydr8PbBS,0.9951737
ID_YeYSyccV,0.9667347
ID_Yf5JPn8P,0.08182097
ID_YhFunz8a,0.17597835
ID_Yi1GcQro,3.5926143e-05
ID_Yi4rQ6wS,0.52580756
ID_YiZ3dvoA,0.00042275566
ID_YjuW87Aa,3.3772196e-06
ID_YkBVYCOe,0.0016806412
ID_Ykqe3GLa,0.06706252
ID_YlmR8vKl,0.85717183
ID_Yncz5tye,0.00058795256
ID_YnxUgdgP,1.5613996e-05
ID_YtlBmn7Z,0.0009921932
ID_YuldMqwD,0.9726316
ID_Yzoj2OTx,0.0107051935
ID_Z0AbmpKT,0.94404536
ID_Z1GGl3JY,0.73277295
ID_Z5qnTQxs,0.99560857
ID_Z7JEUBCj,0.77911794
ID_Z9EYQvd7,0.0016004479
ID_Z9RB5Bjq,0.9917021
ID_Z9dOEqyW,0.007567128
ID_ZAp6Jj9J,0.8273397
ID_ZCxlAlCg,0.77698493
ID_ZHJ34cRI,2.5080925e-07
ID_ZHkaq69P,0.9120269
ID_ZKhqiPk7,9.970756e-05
ID_ZKj3Jo8j,0.018735752
ID_ZKs0CCDE,0.14148508
ID_ZLDPlcCY,0.9754609
ID_ZNfZact5,7.555439e-07
ID_ZNjG3dLO,0.9946891
ID_ZOX29Kww,0.9797536
ID_ZOj11K4d,0.8188237
ID_ZQASPrSc,8.818196e-05
ID_ZSLUIE8t,0.21983641
ID_ZUJZAxIL,9.0582006e-08
ID_ZUtnSreM,0.7961365
ID_ZW3OfLLY,0.042296745
ID_ZaUGA6dg,0.44413126
ID_Zc5HCQ8w,0.09545983
ID_ZcwzhTay,1.5610595e-07
ID_ZdEDdg6B,0.79566926
ID_ZeI72pam,0.9597325
ID_Zf1YMs25,0.9913767
ID_ZfEHhXMn,0.28099632
ID_ZfbO0VOK,0.00020996935
ID_ZgPmPztU,0.9619244
ID_Zh371SFO,0.0014080461
ID_ZhtNl8ff,0.9281066
ID_ZhxI3ccp,0.9809712
ID_ZijY9LpU,0.9948631
ID_Zk2WLVCG,4.2386167e-05
ID_ZlVgyVma,0.784663
ID_ZlX2Q1Hp,0.9895262
ID_ZlqJPOS3,0.00010213081
ID_ZmfRqBE3,0.08971203
ID_ZpI7UYpd,0.92411983
ID_ZpIzweBx,0.0012561103
ID_ZpaNw5cr,0.008926835
ID_ZqoEltBF,8.777521e-06
ID_ZsQXcMCk,0.95653886
ID_Zt1BiGau,6.315857e-08
ID_Zu9S8UEr,0.8564967
ID_ZvtXsGLd,0.053008065
ID_ZwFi5bvA,0.071916796
ID_ZyJlmvaZ,0.5436707
ID_ZzaIZ0UV,0.5759517
ID_a1421x7x,0.792421
ID_a1Mkdi95,0.9974709
ID_a1oKRdhQ,0.9748044
ID_a398T1vX,0.00029188802
ID_a4iDXNHQ,0.891693
ID_a8sL1VFj,0.9243772
ID_a9y36TTS,0.9541488
ID_aBFys0dw,0.6598195
ID_aBK3Ua2y,0.03285821
ID_aCcZRWO1,0.00048614
ID_aCyQmwww,2.9345819e-07
ID_aDMHLEvA,3.5725378e-08
ID_aEN7eKR9,0.6337696
ID_aFh9LbJh,0.97808474
ID_aGeD6i3W,0.9891186
ID_aGk5Mrxy,0.7275116
ID_aGvoTT6N,0.8966623
ID_aHFVClKq,0.97497004
ID_aHdmHNBY,0.8155031
ID_aIWYDCzu,0.0023168253
ID_aIXsviO3,0.5191763
ID_aIumCwVa,0.7914147
ID_aMTXrP1g,0.13015883
ID_aMZYAo0f,0.95897985
ID_aMygwiIx,0.053876735
ID_aPQZKRXP,0.5818977
ID_aPgUPDtU,0.89615095
ID_aQZiBIfI,0.00065949163
ID_aQeYK17g,0.096206136
ID_aR84Fz2a,0.32617372
ID_aRF3HECw,0.98573536
ID_aRQEqmn0,0.9969963
ID_aUlnf6gQ,0.9200531
ID_aW1tOiyg,0.00023253937
ID_aWO9Sn2h,3.6156172e-07
ID_aXfPD4IA,0.060846187
ID_aZ08I9NQ,0.5120696
ID_aaChR6HZ,0.7418793
ID_aaY1aKCi,0.21546522
ID_ad3nJnax,0.93147445
ID_adkRqYcK,4.988479e-05
ID_adpMXtN1,0.5844216
ID_ago8QOaf,0.17625704
ID_aivXt3KY,0.00739301
ID_amg4P89J,0.0017474826
ID_aqkQKLnH,0.0005114889
ID_asMhx0bi,0.9848442
ID_askvy9CH,0.24113145
ID_au8hjLAx,1.0408327e-05
ID_auHuebXM,0.022811467
ID_auMqeeU6,0.6794288
ID_auSaAiWf,1.3065716e-06
ID_awtNzwya,0.0007347014
ID_axIXmpm9,2.0851738e-07
ID_ay2AxMi7,0.646921
ID_ayLxfiWr,0.98552835
ID_azWN6Ywe,5.923683e-06
ID_b0UnQaNQ,0.3722437
ID_b1EH04BS,4.7752263e-05
ID_b2NeIgV4,0.3024158
ID_b410QKbC,4.3367513e-06
ID_b4F2EGK2,0.07472381
ID_b4g1FacN,0.000121388446
ID_b6yPFadd,9.508267e-06
ID_b7wpw72q,0.79713047
ID_bArjr4cP,0.00019813952
ID_bDCCZZuS,6.6383564e-06
ID_bIIEsKLO,0.27889737
ID_bIxXbPSU,0.99398947
ID_bKVXou0k,1.2826387e-06
ID_bL24Qq6T,0.9923395
ID_bLTnxXGB,0.8414973
ID_bNvT2J1T,0.9970136
ID_bNx2XgC4,0.40023983
ID_bOFgwUuK,0.27659613
ID_bOHQuqtU,0.0016440568
ID_bONgbgbW,0.87485456
ID_bTKcksXU,0.06911913
ID_bUEBgnbU,0.09346016
ID_bVftZbd8,0.9968077
ID_bXBI9lH6,0.12267337
ID_bXnmNw51,0.9443733
ID_bXr0VZ46,1.679296e-06
ID_bY6sA1o5,0.93836784
ID_bZBZ4Pn5,0.036815103
ID_bc4KDZtO,3.211441e-05
ID_bdsVmoPn,0.9289395
ID_bdxn13Lj,0.9885311
ID_be8d9yoE,0.99152815
ID_behC5gEa,0.9520842
ID_biRWQ8Vl,0.033654124
ID_bjbCcCXv,0.21732304
ID_bk3oy72e,0.0175671
ID_blWdxkTD,0.007370396
ID_bp9UxTPS,0.9849241
ID_bpEd6Spp,0.99636424
ID_bqLtRyno,0.79222065
ID_bqcuXWLN,0.92889106
ID_bqqac9qc,0.00050819444
ID_br5K4EQ7,0.9920506
ID_btSm71b3,0.98890513
ID_btVT00vE,6.8499894e-06
ID_bvTM1Ab2,0.98780453
ID_bw6kcdCa,4.1482668e-05
ID_bzEsb6xw,6.5770128e-06
ID_bzpAqxqz,0.45171875
ID_bzrZ4Y5k,0.033765417
ID_c1ZGMCC3,4.3122544e-08
ID_c2CnH88y,0.985894
ID_c2pvSV4N,0.001102848
ID_c31DaiKz,0.003952249
ID_c3p8JcPo,0.64511275
ID_c6Wharyw,0.9886141
ID_c7BOu8BV,0.9789394
ID_c90r6KPO,0.9884102
ID_cBGchi4k,0.9482957
ID_cBP4h9s1,0.03780057
ID_cBeBxTNK,0.0033981234
ID_cExQyKYj,4.303193e-07
ID_cFNorp1m,0.0006246382
ID_cG7iDB78,8.04022e-05
ID_cHHp6PcV,0.00037452852
ID_cHcl7zEC,0.013468711
ID_cIaCQsvv,0.2525183
ID_cLCY5FkP,0.35548052
ID_cLPwJaip,0.97756934
ID_cMyzAlMI,0.00012460706
ID_cP0wExFa,0.94873387
ID_cQzhvnGZ,0.9680155
ID_cRLh0wJU,0.0017505503
ID_cRmDn4rt,0.9964401
ID_cULlo9GP,1.087821e-06
ID_cXFuF0Z6,0.9586565
ID_cXKJmq2i,0.9975528
ID_cXy8nm5R,0.9937982
ID_caN1LIyC,0.001806964
ID_caUHk11t,1.6247352e-06
ID_cbMvxp3U,0.09614816
ID_ccwDvizl,1.5950588e-06
ID_ce36S1Ob,0.07880653
ID_ceu91oKx,0.9954148
ID_ciSJ0rn8,0.0027950255
ID_ckKLJy0y,0.5731192
ID_cki0Yuwl,2.535318e-05
ID_cnWTEqGj,0.99237365
ID_cpAgVdWw,0.9953083
ID_creBT5hl,0.115581214
ID_csRHYOc9,7.47496e-08
ID_csUIqc6Q,0.8456081
ID_cvc6quDO,0.92658603
ID_cwhZxIpW,0.9732933
ID_cyacCfMg,0.31387138
ID_cyxi2ZZv,0.964401
ID_czgX9Uwh,0.9456555
ID_d0P7mNzL,0.000623303
ID_d1LaDCRP,0.6046613
ID_d5YH0K1p,0.042552404
ID_d7BpAPMX,0.49050078
ID_dAUq7DD7,0.99492294
ID_dBcW316R,0.0022538994
ID_dBskQLqS,0.5766936
ID_dCZL659P,0.9938222
ID_dCzMWJvM,0.9825305
ID_dDDvlaRe,0.9895065
ID_dDy91bDs,1.942024e-06
ID_dGbUZBML,0.99059427
ID_dIcowqYA,0.011317507
ID_dJAmpOGP,5.766427e-08
ID_dJBhWDK3,0.020870736
ID_dKNM4o7A,0.059539516
ID_dKf1Z8TE,2.7657811e-06
ID_dLHZL4U8,0.8492397
ID_dNG5Kz3i,0.0011732033
ID_dPqG6sbx,0.7330624
ID_dPs9Yt5A,0.95743966
ID_dRmnhM53,0.97640395
ID_dS2IA181,2.8036916e-06
ID_dT2vGNtF,0.7280512
ID_dV8zUebh,0.25387228
ID_dVBgLQfT,3.2616994e-05
ID_dWCevqId,0.21900176
ID_dXfeb3sX,0.26145703
ID_dagVU9Ts,0.00032230705
ID_de4dfI9g,0.9666891
ID_degvkcip,0.7918326
ID_dgpH0OHy,0.99583626
ID_dhrqVGsg,0.97086686
ID_divRNFO8,0.00066531927
ID_djQZQ2VS,0.99075854
ID_djeuuRbe,0.7126992
ID_djqP4vgl,0.022969116
ID_dn2ZeFXB,0.97966504
ID_dnoI9kZG,1.7606675e-07
ID_do2ZVpl0,0.9530916
ID_doLc5LCt,0.9879732
ID_dpJQZgMo,0.9387183
ID_dpddQv6S,4.3985052e-05
ID_dqoGtE3t,0.00026962455
ID_drIwV6IJ,0.932919
ID_drLsxWfW,0.89021575
ID_ds3PyNia,0.9912985
ID_dsBVqkJp,0.3897466
ID_duhXvURP,0.7761775
ID_dv505bqV,0.3411636
ID_dvr8rMIx,4.8329675e-06
ID_dxcychOR,0.025706906
ID_dxyAWOBd,0.98457545
ID_dzAaePLC,0.009888873
ID_e1DAkJUH,0.98538995
ID_e1DxyIDN,0.0008490711
ID_e1z9SE4X,0.39055791
ID_e4dA3My7,6.4824257e-10
ID_e7HLAmaO,0.98850334
ID_e7XrOLmH,0.9948068
ID_e8e7e7uy,9.936684e-06
ID_e8f2kM7S,5.0206456e-08
ID_eCM4B9pm,0.22970028
ID_eD93qBVi,0.9657403
ID_eEDcsyJL,0.9791894
ID_eGNHIWgU,6.0077215e-05
ID_eGZXQ8fw,0.003342795
ID_eH6UWm4E,0.72473305
ID_eJOaIuvr,0.980837
ID_eK6C6tW1,0.9719874
ID_eKVToGtq,0.38004708
ID_eNoZqwDz,1.5661248e-05
ID_eOcHbasS,0.9942167
ID_eSM6uD10,6.2095864e-07
ID_eSMnhvQt,0.82018447
ID_eThGM8Ql,0.98990834
ID_eVctWzX9,0.981382
ID_eXXcudyN,0.002488098
ID_eYs82rtg,0.90760064
ID_eYtzUXMN,0.9917791
ID_eYwMMDuM,0.00017509764
ID_eeyN2Hm1,2.4462045e-08
ID_effXzryS,0.9911388
ID_efxDkSQe,0.62529093
ID_egNspEIc,0.77790886
ID_ejGgd3vK,0.27237818
ID_ejt2xRIw,0.97197324
ID_enhv6f5e,0.038206648
ID_esX8aRdq,0.9935316
ID_evP2OwL7,0.95373243
ID_evchFk01,3.695695e-05
ID_exKIbA9w,0.004440153
ID_eyINHPYK,0.00502686
ID_f0DP9X8E,0.080625325
ID_f13zTIBl,0.0034378264
ID_f1QTmZMi,4.9923864e-07
ID_f2kGW2L7,0.0024723443
ID_f2x03eey,0.024726147
ID_f5ayxOKn,1.8110744e-06
ID_f5erW9IA,0.018650599
ID_f7NxIZd5,8.737001e-05
ID_f8ncYnwc,0.20131701
ID_fAfTwfHp,6.2962175e-07
ID_fBwApzlz,0.00022230246
ID_fCeD8c1o,0.49110308
ID_fHBV3Mvw,0.043804925
ID_fJW2sxX0,0.9982946
ID_fKQwRpCl,0.28803283
ID_fLxKXZln,0.9625427
ID_fNQt8xkt,1.2195272e-07
ID_fNog646o,0.5941124
ID_fOSDeIkG,5.0711503e-07
ID_fOYIwbup,0.060441546
ID_fOf7Vb8N,0.99538404
ID_fOuqgXCK,0.48013481
ID_fP9yYFa0,0.96550596
ID_fPO6pjON,0.94664234
ID_fQT8sjws,0.0004369197
ID_fQvGicqh,0.0076373466
ID_fR95ZuYj,0.63781285
ID_fTiJq0xs,7.50236e-07
ID_fUniGonC,0.87459683
ID_fVQxIAOx,0.000983949
ID_fWlTAibR,2.7343356e-06
ID_fZ21QODL,0.00030964857
ID_farwDG0p,0.005160397
ID_fbdaRt4a,0.92382073
ID_fc0ZMW7X,0.9953761
ID_fcSGlF9g,0.0012077445
ID_fd7Pqzuw,0.012278576
ID_fdcO7NG0,0.99795854
ID_fdtIMZ3d,0.14377175
ID_fe1JBETP,0.16415384
ID_fe9jEO2Z,7.3823816e-07
ID_fgUhQ5l4,0.4240808
ID_fhZqAFBz,0.3749208
ID_fhycTlrE,0.9756597
ID_fjcE7Ggp,2.144002e-05
ID_fk1u3lrR,0.9974506
ID_foPjWtR2,0.08048117
ID_fpPSAdWr,7.8473334e-09
ID_fq7B0Hio,0.037147097
ID_fvQDkiZF,0.9923674
ID_fwBNyvwg,0.9848475
ID_fwr2tS3q,0.94891804
ID_fx3bde0Z,1.7651804e-05
ID_fxuWqRX8,0.107322805
ID_fyw12K6h,5.3814747e-06
ID_fzEOoPTu,0.5150192
ID_fzeOvzKw,0.42274535
ID_g0TFdgFP,5.1337083e-05
ID_g10Qn40X,7.027354e-07
ID_g1TbdLnz,0.79512215
ID_g1cKdVIR,0.9817538
ID_g1hzqc3r,0.3309405
ID_g2QMH4aw,0.17420904
ID_g4NTtpyK,0.9850957
ID_g4yvby0D,0.97284997
ID_g7G2Z3YG,0.00038103847
ID_g8eJBNUv,0.90180176
ID_gAW4sdRw,0.86080706
ID_gCUSIzH6,0.9944215
ID_gDnaxFvn,0.93843275
ID_gFm3EkUY,0.97637826
ID_gIdX4EQG,5.5547825e-06
ID_gK18mVFV,0.91883796
ID_gKMPXhsf,0.96444726
ID_gLaNRy0C,0.92505884
ID_gLzJgEcc,0.9880621
ID_gMsnBTs8,0.66936636
ID_gPNGjE34,0.9957305
ID_gPh0kshh,1.26738105e-05
ID_gPt7uiP6,0.5844531
ID_gSjIkDvy,0.9225893
ID_gVAUp2ek,0.63749266
ID_gX6ZfvRI,0.10040034
ID_gXiJFEWc,0.97833437
ID_gYBEiBqd,4.7545784e-10
ID_gcXza3Lt,0.0020433164
ID_gcbsnMRT,0.9191192
ID_gfPCFSMZ,9.708738e-07
ID_ghiFJfx2,0.99192566
ID_ghkKocrU,4.0416737e-05
ID_gkaPzLfY,0.9650053
ID_glPDfVR3,0.0037956224
ID_gmEUREBm,0.006629156
ID_gnoNafAh,0.34820083
ID_go0FvZTA,0.9887463
ID_guYZ5DON,0.83288157
ID_gwGDyyXk,0.042252857
ID_gy2y6YUK,0.9616651
ID_gzJjqzfR,0.5921016
ID_h1YPdtnL,0.6498719
ID_h4IFiyDV,2.829116e-07
ID_h4Q6U1li,0.98931587
ID_h611TifA,0.99903584
ID_h62gYgvN,0.89173424
ID_h6PviDOS,0.09627302
ID_h6ydEKyN,0.99498516
ID_h7J4tg4V,0.98818624
ID_h7y5tpWf,0.00013404334
ID_h8sOuOSJ,0.00017330429
ID_h9byKhC1,0.9535333
ID_hA2UMQJn,0.16534212
ID_hAr4VisO,1.1682467e-06
ID_hDio1UtH,0.989417
ID_hHQNuPgg,0.9115285
ID_hM9AYwig,0.99477446
ID_hNAnAUnD,0.99528044
ID_hNKTj9aM,2.5029949e-05
ID_hNb4JfGY,0.7594606
ID_hNqcwlWH,4.3669943e-06
ID_hOL49gto,0.05001901
ID_hONzDWUi,0.98811543
ID_hPHWcKsH,0.9847165
ID_hPQAUJ9a,0.40825486
ID_hRtAOHyE,0.92465705
ID_hT4QGVF5,7.888631e-05
ID_hTOuq2cm,1.5105284e-06
ID_hTUw7uc9,0.5004078
ID_hUBGH5hK,0.00048526132
ID_hUngQPXv,0.00061092677
ID_hVQhEzlL,0.82022756
ID_hWHXx9Di,0.3446013
ID_hX0GlNm2,0.03286077
ID_hYDdrNzF,0.9878045
ID_hZpnzCeN,2.780525e-06
ID_hcqHYbgN,0.061435178
ID_hf1uG40D,4.1008167e-05
ID_hfpxYPfC,0.9881529
ID_hhB1IxEj,0.90580976
ID_hhEk6cpW,0.42553517
ID_hiiLPB4t,0.0044192136
ID_hjKbYQrk,0.0015489672
ID_hjTuFg7V,0.4775062
ID_hkX7bsBW,0.991581
ID_hmE1T46O,3.8231556e-09
ID_hqqKm5Z0,0.9933205
ID_hsSfWLkT,0.79542357
ID_hsh5wXXx,0.12278679
ID_hsnzoGdS,0.95526934
ID_huVLzLRy,0.014660798
ID_hyndvsZH,0.9931822
ID_i0IXzY99,0.99565345
ID_i0OsqbvS,0.95301163
ID_i0wbRnz7,8.907502e-08
ID_i1w4nCBj,1.0416272e-05
ID_i3w807Ro,0.019885316
ID_i5psd7Si,0.010237028
ID_i6w1AiqQ,0.9675143
ID_i6w3Wz15,0.7993094
ID_i8gGfAmt,0.68809295
ID_iAEcp9lc,0.4706799
ID_iAdCFjXA,0.8970809
ID_iAso8saM,0.00016292454
ID_iCOsyTsN,0.9943925
ID_iDPToizE,0.4506354
ID_iEXBdY2V,0.926516
ID_iEcFZael,0.001340123
ID_iF7DBPgj,0.04660032
ID_iFgZkZb6,0.14891233
ID_iHsOofj3,0.9905193
ID_iJ5sc2Cw,0.6832
ID_iKFGqnzu,0.78615725
ID_iNcMGt9E,0.7307982
ID_iOpPugGA,3.407361e-07
ID_iPFki0BO,0.22679237
ID_iQjHm9VB,0.97850096
ID_iSBjLbC4,0.8450573
ID_iSO4gNU3,0.6847418
ID_iSeqhvBA,0.008606033
ID_iTY2dWrd,4.0833694e-08
ID_iUK2ERr4,0.02994436
ID_iZPQ234E,0.966373
ID_iZk3jjwP,0.014680707
ID_iajiNusx,4.4922715e-05
ID_ibXmePzq,0.64382625
ID_idFbvm6x,8.9146546e-05
ID_idT9qqJn,0.021726474
ID_iez0o8tn,0.7682168
ID_ihqgQBZE,0.95864105
ID_ikydSY8G,0.8525272
ID_iltoUnPr,0.42373204
ID_imyU0m21,2.0652902e-05
ID_iobXqiMr,0.9121356
ID_ipBzCovN,0.9942719
ID_is7BBmhE,0.7259055
ID_isgxHKUp,0.008717269
ID_itKZ3dmp,0.93739474
ID_itepw8Ef,5.6388487e-08
ID_iu5CpqUj,0.31266195
ID_ivy785Co,0.98342055
ID_ixDU6YpC,0.012195487
ID_ixp6I0gi,0.04467175
ID_iz3yIj15,0.7567903
ID_izX90dHR,0.71448255
ID_j1kf9Wxh,4.6517725e-05
ID_j1s9Kt3m,3.311709e-06
ID_j2cZDAoc,0.85347486
ID_j3iFqHbp,0.9887659
ID_j5EszeOe,0.9950789
ID_j67UfJfR,0.91555876
ID_j6Y2bSR7,7.6004326e-06
ID_j97gXC1I,0.98476386
ID_jChHmqqB,3.6346128e-06
ID_jE2O8v4F,0.013185701
ID_jEKhZFpI,0.9812043
ID_jEYH6TNp,0.90168554
ID_jEji3MjU,1.680519e-07
ID_jFhQXomk,0.010492757
ID_jG7av9kU,0.0017236855
ID_jGHMkuXX,3.56476e-08
ID_jJtSABMx,0.9575564
ID_jKARZXoF,0.7884988
ID_jPUVo9ul,0.9826182
ID_jPf9cNLe,0.94522196
ID_jQgdiSBu,0.9743368
ID_jSmor0Go,1.3068987e-05
ID_jV3WjrAZ,0.892595
ID_jVR3hISp,3.0583774e-06
ID_jWOev3kZ,0.80462444
ID_jWyHO3Nj,5.713556e-06
ID_jZORrGIk,0.03834724
ID_jaH5jffF,0.9157572
ID_jcv1YLkr,0.85049665
ID_jeqY3I7g,0.453202
ID_jfE9oX05,0.94079137
ID_jfI65J3S,4.1795894e-07
ID_jfjJMKVY,0.5569524
ID_jhGBz4i5,0.08227444
ID_jhUuXOqz,0.9830471
ID_jhkeSmyM,0.9797538
ID_ji44JQbt,0.00030485188
ID_jjw2Duh3,0.9543061
ID_jnBy5FJv,0.9530722
ID_jnRAnv64,0.00010265725
ID_jpK5oy0W,0.726422
ID_jpLCwwyu,0.16453704
ID_jppAVkAu,4.3918185e-06
ID_jrkSMB5C,0.007203854
ID_jsRKVcDW,0.029060395
ID_jtemkvJX,4.3083336e-08
ID_jtwvK3tX,0.000119766686
ID_juavi6PQ,0.00027917966
ID_jv3vFGVP,0.0858583
ID_jvLPHusZ,0.6163588
ID_jvWmDwXe,0.8432906
ID_jw9MwZCa,0.99367285
ID_jyB6jubu,0.88796705
ID_jyFohLcf,0.970718
ID_jz8PW6x2,4.9639053e-05
ID_jzBV8cpc,1.2199488e-05
ID_jzu9j0D9,0.0014611788
ID_k0pzhix6,6.448007e-07
ID_k1VhzKJO,0.463741
ID_k1Vyb5gh,0.11997321
ID_k21WPkHj,9.368397e-06
ID_k3JGb5k8,0.9933333
ID_k5aoYYRX,0.90983886
ID_k79W48cm,0.19286077
ID_k7iWNqgx,0.043830104
ID_k8oABRbC,0.98563546
ID_k9Gf5JPw,0.8637426
ID_kB4hKLPc,0.93388885
ID_kEqo5dJS,0.100898504
ID_kFh0eeH6,0.000962266
ID_kGmMBEOq,0.0053974004
ID_kHD39slt,0.19936469
ID_kIaObEaA,0.00032490992
ID_kLahezjH,7.067638e-06
ID_kS79YAF3,7.317433e-08
ID_kScj5A3V,2.2494285e-07
ID_kTa6WTWN,2.9511179e-05
ID_kYM00z5p,0.9502661
ID_kYWHUjNL,0.9709186
ID_kZaLJCF9,0.9463671
ID_kaBP8Mkp,0.00010614705
ID_kcVS2NBK,0.98802596
ID_keLFMIbC,0.99587536
ID_kfblx8Sb,0.5320609
ID_kgXOS7nB,2.3696992e-07
ID_kh6In0Y7,0.8788315
ID_khMOmuaz,0.5914069
ID_khbHvDSR,0.46801093
ID_kjJr12Yw,0.0036868374
ID_kjtg79Hn,4.7478666e-06
ID_kkGFBAEn,0.98710954
ID_kkLoP2Ie,3.1021787e-05
ID_kka87ntW,0.45079255
ID_klCHM1P3,0.39272755
ID_ko77xh9T,0.035471193
ID_krnZEpfV,0.44501275
ID_ksHwpRq8,0.9752357
ID_ksOASB6n,5.7115705e-07
ID_kv5pht8a,0.99573267
ID_kvKjY9Al,1.52609e-08
ID_kzNhamBV,0.014071101
ID_l135vgRA,0.9160265
ID_l1LK7cAH,0.0018934452
ID_l1SNePuZ,0.99290067
ID_l2rtGoRs,0.99550724
ID_l3OcwXdu,0.92335635
ID_l5AOSvKr,0.77042633
ID_l8PJpoCb,0.9786088
ID_lAtLQpsb,0.97569937
ID_lCyOFpjh,6.4108463e-06
ID_lDYvgl9B,0.53271943
ID_lDj6muqp,0.5204157
ID_lFUaeYz0,0.0044843135
ID_lFdlBPp8,0.718723
ID_lO51v6TZ,5.7518164e-06
ID_lPulSdOD,5.2382245e-05
ID_lR6RQQ3Q,0.8461075
ID_lUcXGO72,1.0245456e-05
ID_lXfE71JD,0.26760614
ID_lY7eLTG4,1.3063177e-06
ID_lYDGlFQN,5.4169803e-05
ID_la0pxQOg,1.0774821e-07
ID_lfOPuCSn,5.891616e-06
ID_licshVgb,0.9717028
ID_llKax20E,1.3636782e-09
ID_llcIRyse,0.6517858
ID_lmEfrSNp,0.9378914
ID_lmfDfPgW,1.0758582e-05
ID_ln4l16ox,0.0018769683
ID_lnvQjgdG,0.0012322348
ID_lpjm5hhW,0.041305754
ID_lqdqWAku,0.003153803
ID_ltGxT1SW,0.025787357
ID_ltpcmouo,0.99509656
ID_lu3HqsgC,0.11556069
ID_lwjsbCFt,4.9262954e-09
ID_m2DQnlbQ,1.0745597e-06
ID_m2Hb9v90,0.9578472
ID_m5Anw5sm,0.942143
ID_m5HP5uu7,1.344053e-05
ID_m5LgwzOv,0.9872767
ID_m85chtVg,0.11134962
ID_m8K2o1Ac,0.12645951
ID_m9OU24LP,9.321321e-08
ID_mAgPPyed,0.92894405
ID_mCvPQtVS,0.98986924
ID_mHGthsBm,0.9972496
ID_mHeIs4SB,0.8672223
ID_mIe7jOl3,0.9619692
ID_mJ4JSddm,0.0036376638
ID_mJqlRviw,0.9855318
ID_mNp3Fa8A,0.16063789
ID_mOPV2o6x,0.992837
ID_mQpopFPI,0.87973106
ID_mRKRFj39,0.0047695264
ID_mRiUO0mh,0.030028224
ID_mT05rixu,0.9247603
ID_mVQIOrGo,0.028282555
ID_mZmmVFWH,0.8220938
ID_mbbVJyw0,0.09887642
ID_me7rDKkE,0.97300696
ID_meKqOdP4,0.058382254
ID_mgDD2NLZ,0.51198566
ID_mgJ1549d,0.6931309
ID_mjMy6fpI,8.133195e-06
ID_mkf9Lufi,0.51210105
ID_mmLvsWRf,0.0007630799
ID_mnDcM4C9,0.99598753
ID_mpGk93mX,0.005298012
ID_mqqONbor,0.063742206
ID_ms44usNL,0.9698944
ID_msAls5sN,0.01349405
ID_mtqKuoRw,0.00045134238
ID_mu8W0VaC,7.92295e-05
ID_muHWcIOW,0.09691654
ID_mwZ7ukcn,0.98092175
ID_mwzWFiRE,0.113728516
ID_mxiEkGMt,8.585213e-06
ID_mzCNYICI,0.07376981
ID_mzK0bzNb,1.2928178e-06
ID_n5U0f73v,0.088551484
ID_n6LFOl7M,0.000115744864
ID_n6cchC4A,0.25157595
ID_n6sEp1Ux,1.8486961e-08
ID_n7ETDG0P,0.0007878321
ID_n7c7AsLb,0.9412054
ID_n8KGi1o2,0.9408521
ID_n8b7QGVn,0.0010279082
ID_n91swS11,0.3725165
ID_nA089nLZ,7.423159e-08
ID_nCK8Sav1,0.0010324164
ID_nCWQrqJe,0.00022395447
ID_nDAllReu,0.42263716
ID_nECBm2xr,0.00022075842
ID_nHQVYUnB,0.7811563
ID_nHwy0eQz,0.10933638
ID_nHyHBhXK,1.736581e-05
ID_nJzjE7m4,0.0003812954
ID_nKBuR2Xf,2.8400982e-05
ID_nKhlwqrd,0.7775672
ID_nKniclLC,0.004340023
ID_nKvQoeKp,4.4629796e-06
ID_nMSuLjrT,6.0217735e-07
ID_nQ9OWTvv,0.039036833
ID_nQkeqOiK,0.98137945
ID_nRWBr4bd,0.6125749
ID_nRX5YpX8,0.001965689
ID_nSvU6qKe,0.02870328
ID_nUHdMWxO,0.8458336
ID_nVWGX0QA,0.96938777
ID_nWZqtWVH,0.0050542364
ID_nc4th9On,0.029731814
ID_neCLQSOo,0.10620444
ID_nilS9ShJ,1.6854601e-05
ID_njrKWndf,0.46035177
ID_nmVghy8n,0.6565863
ID_nmzWmNNW,0.011535365
ID_nnn9fvz5,0.9468327
ID_nrEogGPj,1.2418559e-06
ID_ntRYlDHC,0.3609511
ID_ntsKZls4,0.7330554
ID_nuMHhQTP,0.94130844
ID_nudojWLa,0.009265177
ID_nw9YUrW8,0.99027926
ID_nwklppWG,2.1068887e-07
ID_nwrxQZRr,0.9848528
ID_nyFazyeu,0.5009884
ID_o1AZchry,0.9461173
ID_o24xU2YS,0.797949
ID_o2LtTq7U,0.0016744694
ID_o339V7JT,0.39994758
ID_o43dV4eM,0.00060799543
ID_o5S7pCxA,5.2345328e-08
ID_o5ucYnml,0.61630154
ID_o6WprzCU,0.96298456
ID_o6xd1Ajo,2.1697372e-06
ID_o7SRJolK,9.852744e-06
ID_o7jauvaS,0.9963475
ID_o879ahV4,0.29118425
ID_o8e35xP7,2.4487989e-08
ID_o9Kj6Are,0.96368027
ID_oAGBlFsj,0.0010711888
ID_oBtL2DRD,0.0010000289
ID_oFD1SZeP,0.03262291
ID_oGb9K5U7,0.0062118634
ID_oHDNFvz8,3.456749e-05
ID_oK2aei4b,4.8512447e-06
ID_oNC6rdfB,3.435596e-05
ID_oNr59K8y,5.4509627e-08
ID_oNvxG8Tb,0.287299
ID_oO5UoCQk,7.9009766e-08
ID_oTk1KllK,0.39869764
ID_oTxL0NkR,3.5662526e-07
ID_oVRUhR6m,0.047276154
ID_oYhLMzhJ,0.30560464
ID_oZjqJADt,0.00019514229
ID_oaDJ7kxL,0.98777205
ID_oaHBTUdD,0.029780854
ID_ob65hM1B,7.80856e-05
ID_obfoAxzx,0.9725205
ID_odlKDCRI,0.9864814
ID_oe9lkpYK,0.0034696576
ID_oeYggML6,0.2123844
ID_okfqbHgc,1.109018e-08
ID_olvDXSKH,0.044009212
ID_onvcUL0G,0.10741507
ID_ooxNeD4w,0.9115159
ID_opHbfCFq,0.98512363
ID_oqB9EErg,0.45115158
ID_or4v1opg,8.143483e-05
ID_orTMBxhr,0.9929923
ID_osYDJonq,0.9967036
ID_osaeO1BB,0.5135296
ID_otqUk37z,0.19380832
ID_our8ijFL,0.00013342942
ID_oyeh9hJx,1.5183388e-05
ID_oyx3l6xV,0.041096024
ID_p0MDmUYB,0.0006195599
ID_p0rc5hF5,0.7375981
ID_p48sFcsm,0.96870166
ID_p6injzQz,0.4241719
ID_p78bnv4A,0.23190007
ID_p7wJcR3i,0.7484361
ID_p8JUOG0P,7.790965e-05
ID_p9QidQkK,0.9654684
ID_p9RBlSSU,0.16792555
ID_p9TxLzWM,0.049131103
ID_pAjeEhwL,0.99218684
ID_pBmkFvab,0.0002083836
ID_pEJiJ9CG,0.01783323
ID_pIjKHNH1,0.01617733
ID_pJOGHe9v,0.9868624
ID_pKRPcpdm,0.7225305
ID_pNDz13se,8.2228837e-07
ID_pSR9ROkd,0.99231344
ID_pZwTkDE0,0.34813038
ID_paRuqG78,0.010484533
ID_pb23Siau,0.96975493
ID_pbBgtXqi,0.8783772
ID_pbJTPSV6,0.2658255
ID_pbQjE5U4,2.3975932e-05
ID_phxu4V06,0.96586955
ID_pkbjiExX,0.00011825044
ID_pmQjf0OG,0.64109623
ID_pnuoR5fC,0.17946199
ID_pqFO0ksZ,0.82756644
ID_ptco9nft,0.82425237
ID_pwewH2Cj,0.14412604
ID_pwx9hxiy,0.96176255
ID_px0gQY2Z,3.5491416e-07
ID_pxAwr7dS,0.9192699
ID_pzaqPbGf,0.42881125
ID_q18kahUV,8.119468e-06
ID_q1GcfluX,0.93663085
ID_q2YzrDbJ,0.7405357
ID_q5Dox1VL,0.008686907
ID_q6X7uKrZ,0.010898708
ID_q7ieqWpb,2.033773e-08
ID_q8Ijb6d6,0.030677691
ID_q9V4fxyn,0.013141014
ID_qC6xqUrA,0.016780233
ID_qCNqtj9I,0.9961325
ID_qClumwzN,0.9887734
ID_qDuv5vB4,0.4766363
ID_qG2EUtyj,0.0001480957
ID_qH4r6HZm,0.9954398
ID_qH9d8ZVp,0.19663014
ID_qJInZQkY,0.98025876
ID_qKXzeDmU,0.7924616
ID_qKkCl9vs,0.6985393
ID_qMTVOX4L,0.8385766
ID_qMaeK8GF,1.1967085e-06
ID_qOBzpQAB,0.9303796
ID_qPSGnCel,0.88888353
ID_qRQBNmz2,0.2211882
ID_qRYLEbNx,0.9755644
ID_qRzIC1q3,4.7380836e-05
ID_qS31DWKt,0.022889886
ID_qSkK9kNw,0.5003257
ID_qTIq8ljz,0.014419983
ID_qWQm3bvf,9.294716e-08
ID_qWSHfcLX,0.25524202
ID_qWnqR0eT,0.86448514
ID_qXNgHpCm,0.00080624345
ID_qZiDYx96,0.9791414
ID_qa928cai,0.91412455
ID_qaqqZIkT,0.1785742
ID_qbmg9L59,0.01162966
ID_qcK4BEAu,0.5240358
ID_qck7r543,0.76405245
ID_qdBzw3id,4.2524224e-09
ID_qdq3IJKn,0.059635267
ID_qePmOEpx,0.89767325
ID_qeqhLGU6,1.4368751e-06
ID_qg9a8wAU,1.9498027e-06
ID_qhtaYa9L,0.9938167
ID_qjV24yjO,1.734811e-08
ID_qk9TVc06,0.24794853
ID_qlLtV7YX,0.99014544
ID_qmxxtjkT,0.9943732
ID_qnFlRcQR,0.13614967
ID_qnbMA3lS,0.07418481
ID_qqxigXXT,0.7131287
ID_qtWuO2Ec,0.98924005
ID_qtfxnXSw,0.00769613
ID_qvIRhh0s,0.87941635
ID_qw6NQElw,0.9783681
ID_qy6A9yba,0.9438007
ID_qyCAlKng,8.634889e-07
ID_qz4jXXfU,0.9249195
ID_qzXI9ExC,0.9457323
ID_r0qrpplM,0.24404411
ID_r2qD0N2p,0.012412586
ID_r3elaSAO,0.98309505
ID_r4eFUsLI,0.998295
ID_r59Qv0FX,0.19930789
ID_r5C90aSZ,0.98832244
ID_r6AFAqkm,0.7248211
ID_r6RmJnWh,3.8916278e-07
ID_r81UpXB1,0.14280023
ID_r8h9BeCO,0.0017866449
ID_rAr1bRA3,0.95090353
ID_rCVeOohM,8.836829e-05
ID_rCfSzfCA,0.09602099
ID_rCrEWiQw,6.7155784e-06
ID_rDx27oC3,0.99266875
ID_rEfE6cDC,2.4157198e-06
ID_rI8Bwqa2,0.9502167
ID_rIizSgdr,0.96343225
ID_rIy6B0WN,0.99364245
ID_rJEzgm3u,0.7639421
ID_rKQhn0oy,0.9779408
ID_rLQfhlme,0.95367765
ID_rN7V0wvW,0.13014793
ID_rNdGfmFM,0.9372034
ID_rNkILLD7,1.5358179e-05
ID_rP6Oxq2J,0.9315149
ID_rPgCnxyC,0.99279016
ID_rPpVVUSE,3.2047268e-05
ID_rVGnegSY,0.0821425
ID_rZHJgNNi,0.55460393
ID_ra2M18dM,0.016533384
ID_rdKCsOId,0.015161539
ID_reUJuqMa,4.163836e-08
ID_rf8OY1RQ,5.9847444e-08
ID_rf8Vgn5Q,0.3457391
ID_rflVFOUH,0.71774244
ID_rg7QZrZG,0.9945008
ID_rgD7E4Ro,0.37827334
ID_rgaxYZyh,2.5967543e-05
ID_rjBhV66G,2.6714617e-06
ID_rlWA5QzY,0.84406126
ID_rp9vIIOx,0.00040185437
ID_rq273ADV,0.076543346
ID_rqcO7PuF,0.83559585
ID_rsxBaaeV,6.0472735e-06
ID_rwZM8I1g,0.114558525
ID_s0BHvV1t,0.020220015
ID_s17rjBRj,0.90450716
ID_s1TRI07Q,0.8793746
ID_s20LtwiZ,2.9386501e-05
ID_s4S5Z4gn,0.8950273
ID_s5W1zZl4,0.46482813
ID_s61aJlbD,0.9939935
ID_s6nu3RQw,0.99445367
ID_s9JENfsh,0.0058082235
ID_s9MTlqCY,0.34655273
ID_sATwcPbe,0.9934477
ID_sAYtCjCD,0.93569416
ID_sAoVNTCz,0.76413745
ID_sBItI6FB,0.07056452
ID_sBwOFlc1,0.98490936
ID_sByWkh1o,0.31278527
ID_sFelDh50,0.0028445793
ID_sIefv1sF,0.47161305
ID_sJnCe7wW,0.00012350912
ID_sM1f5Sr1,0.61843103
ID_sMNzIsci,0.019484993
ID_sMSSm9O7,0.94310063
ID_sPtS7aCX,1.0718618e-06
ID_sQB254o3,0.7536685
ID_sUwyts6W,0.14988582
ID_sWMw7pro,0.95628166
ID_sWeiQ5tz,0.8540981
ID_sYa5y62T,0.00023780741
ID_saYQtY6b,0.9284116
ID_sbmBqcIj,0.0031157196
ID_sePezNOP,0.0008442776
ID_sglOtjD9,0.060773216
ID_shIcvYVt,0.8528506
ID_sj90IfdU,0.97895855
ID_sjmPJqd0,0.8837617
ID_skDyZW6I,0.9887346
ID_sqB0X8NC,0.35629517
ID_sqTKhlFD,0.6828499
ID_sqqCbGsj,0.0022584216
ID_stQ3rm19,0.95313334
ID_stxa64ij,0.024383089
ID_styASlQG,0.91459686
ID_svAfUev0,0.012896117
ID_svCABNgf,0.9869565
ID_sw7Ris09,0.4567609
ID_swIRE1vH,0.90538263
ID_swoS5xgY,0.99207586
ID_sxFycP9M,0.9237429
ID_sykzIKXO,0.981278
ID_sz5dhh4q,0.17108428
ID_t0i13R2n,0.75699294
ID_t2jO3ZZu,0.9579092
ID_t4cxucdJ,0.0015189974
ID_t4r0SXeu,0.0025062026
ID_t6DWQVLd,3.2646065e-05
ID_t6MdnbkI,0.98827755
ID_t7BpR9OV,0.00052073423
ID_t7nU78tT,0.0012586493
ID_t8Z9IP8T,8.548152e-06
ID_t8sK6Ix8,0.9981615
ID_tB703XFc,0.820398
ID_tBu33kFx,0.02937985
ID_tC1qF2Yo,0.012591009
ID_tEq8PWr3,1.2032391e-05
ID_tIVi8tvJ,0.00425272
ID_tKhTSS7U,1.6197766e-05
ID_tLTSy4BD,0.030614927
ID_tNYQRjlQ,2.250805e-08
ID_tNasPzPt,0.16657174
ID_tOT2xNS5,1.069954e-08
ID_tOeX00vJ,0.97596526
ID_tPtb5EPo,0.78198683
ID_tPyKUZfT,0.9890179
ID_tQL4M5V6,1.078519e-07
ID_tRX4hAwm,0.9681738
ID_tSKHJcyu,0.97930795
ID_tTeAPJiX,0.0055192914
ID_tV7UlavR,0.12595724
ID_tVHE9qmK,0.0005771195
ID_tYiq6aLu,0.031801235
ID_tas4UK39,0.9716673
ID_tbxjQNbM,0.98405534
ID_tcKljunh,0.8511478
ID_tg77M2MH,9.39914e-08
ID_thR8OKV3,0.7608639
ID_thZr8pEU,0.8268253
ID_tk4u94U6,0.934957
ID_tkALXSWI,3.4909755e-09
ID_tlM1qq16,0.8440237
ID_tpX9l7Cu,0.40770718
ID_tth96kGh,0.8737258
ID_ttoc2vBb,0.9868998
ID_tvYr1am3,0.7628666
ID_tvtTjjd6,0.9951551
ID_tw8R7Xjm,0.94546133
ID_twuAbSXA,0.0028025147
ID_txAyVAXT,0.8587951
ID_u0C9Y3TT,0.00012290088
ID_u0I0qsjK,0.81213903
ID_u1cgbDWK,0.98387694
ID_u2QmU9eG,0.99208176
ID_u924jX4c,0.013326489
ID_uAgOXDgd,4.0944895e-05
ID_uBtVkw4V,3.2132707e-08
ID_uC5m4LrT,0.33100286
ID_uCIbjtdW,0.022732142
ID_uEsCWS4B,6.462668e-08
ID_uGFSLp1I,0.7100894
ID_uHOlMjwP,0.9965608
ID_uJP2e6Zu,2.1725089e-07
ID_uO0p3RvK,0.20609303
ID_uORaeJvB,0.0013362103
ID_uPkP5ZNl,0.95658696
ID_uSNGKfUI,0.9890781
ID_uTCpQ9Uc,0.9821202
ID_uVb7aCTc,0.0019925018
ID_uVqyrwyA,0.7115421
ID_uYumQ3TY,8.259834e-05
ID_uZDWLxZU,1.0899352e-05
ID_uaDXbD7t,0.094490424
ID_ub9BMYvz,0.75513357
ID_ucEZz0Qy,0.8851772
ID_udOizbMA,0.09483685
ID_ueC2ejfk,6.3420735e-09
ID_uf0GpNqZ,0.9958243
ID_ugWSSl4s,0.038857624
ID_uj7xleO7,0.0013956298
ID_ujjRXBeJ,0.00066827366
ID_ukRFauuE,0.9829609
ID_umKLtXqi,0.843807
ID_upiOnwjs,0.9870723
ID_uq1UF6hY,0.18496154
ID_uqgFLZe6,2.4530784e-06
ID_ut1Pg4ry,0.70984876
ID_uu38X8XP,0.94185454
ID_uuOTHXnt,0.97297436
ID_uusi5ryw,0.64237285
ID_uviPTZUU,0.56962645
ID_uwopWaex,0.92343724
ID_uxzjBa4v,0.6320598
ID_uyCprnGJ,0.9792317
ID_uzRkdAm0,0.9831326
ID_uzYm5S10,7.723677e-06
ID_uzmmrueb,0.3210959
ID_uzt5KKvn,0.63049537
ID_v3LkFJ5p,1.2803736e-07
ID_v3NW8Vah,1.2077498e-05
ID_v6c70kTh,0.85433966
ID_v7UTixjF,0.9773534
ID_vA7ArAOK,0.99351794
ID_vCzLQ12j,0.00078132446
ID_vDYcs5zG,0.25033072
ID_vEcnmovZ,3.2842809e-06
ID_vEcujqbt,0.00068662374
ID_vGA9DLQd,0.95364857
ID_vGIkzmYD,0.0025339257
ID_vIOgwf4d,0.9966027
ID_vId6L2xO,0.5052858
ID_vIwsjE1b,0.13958411
ID_vKi24xDh,0.98548037
ID_vKtgrl02,9.881898e-07
ID_vL8lYf1V,9.1076345e-08
ID_vMYGHqKt,0.9303378
ID_vStTgS66,0.0019893986
ID_vVBhEtnM,0.052066337
ID_vVUVqqpX,0.99466825
ID_vbzx8Ohi,0.0073421737
ID_vc3qg8Of,0.9951025
ID_vcvHbPXk,0.9336008
ID_veXuwAhL,0.9572826
ID_vg3PMXYN,0.16925246
ID_vgKpvIrD,0.99372125
ID_vlEWojND,0.017529441
ID_vlvySq4B,0.939769
ID_vmFjEfNd,0.20579691
ID_vmlfmOb8,0.9641434
ID_votmSufW,0.9907895
ID_vpS1wbWv,1.351502e-06
ID_vsU4VlR7,0.97871387
ID_vsXelDft,1.3733604e-05
ID_vuAcPYwL,0.0047813887
ID_vvHJ3dAB,0.006801346
ID_vwpa4oPc,0.94362324
ID_vy4cm1Eb,0.9140415
ID_w12ih0vy,0.119950496
ID_w1LUtkWU,2.0199603e-05
ID_w2Awmfpk,0.8268496
ID_w4AophGT,4.1270978e-09
ID_w4anmRiT,0.0017405704
ID_w4eKFf2h,0.12552446
ID_w5HuvIfn,0.0057525397
ID_w70zTKiD,1.2529187e-06
ID_w9UG0xNM,0.7407715
ID_wBjrmff6,4.005315e-05
ID_wCaKPJW0,0.000415096
ID_wFM2Ma2A,0.95958287
ID_wFbws05F,4.706104e-05
ID_wFm91TwT,0.8723071
ID_wG69zNe5,0.037228838
ID_wGKWZRxV,0.9586057
ID_wIRRRZFM,5.2714677e-05
ID_wJMfCzIB,0.25341317
ID_wKmhHQ2X,0.9456819
ID_wNTobWUk,3.3186798e-06
ID_wNd51hh1,0.03350035
ID_wO9YRInR,0.828635
ID_wORvwx4Y,0.8838247
ID_wPgjsbvk,0.5209318
ID_wPzhUbjW,0.0414642
ID_wQlDXale,1.5683168e-05
ID_wTjzf3gY,1.4461547e-06
ID_wUs038gl,0.95504326
ID_wWSyKOmT,0.95626885
ID_wYI7XWuW,0.2365291
ID_wYVPVhi7,0.9593321
ID_wYhGtSLQ,0.52164453
ID_wZnTHqpF,0.004206205
ID_waMYY11I,0.00082118565
ID_waXVnawk,0.98905313
ID_wbDGKwds,0.74577653
ID_wbiMMHbx,7.1330896e-07
ID_wcfPBKql,0.66769314
ID_wgpQpTV8,0.002499178
ID_wiIs4TAN,0.914521
ID_wkcXaEnj,0.0018556041
ID_wlR8pKGy,0.72625375
ID_woLm2RLm,3.0088554e-06
ID_woVd3XnQ,0.6905954
ID_wqfl9fWo,9.083051e-07
ID_wrEFDRb5,0.00014204948
ID_wrTtuzwk,0.19606918
ID_wraepoeH,0.83029294
ID_wsESBgBF,0.9619135
ID_wuB56kTf,0.45425037
ID_wvxQeUhw,0.04564031
ID_wyr3WWw0,0.000987444
ID_x2vo6n6x,0.032737087
ID_x6NQ5w6O,0.913231
ID_x7jFaAkl,0.053268254
ID_x885ZnfT,0.65953344
ID_x8AsJNrg,0.991441
ID_x8BntjVf,0.000112854716
ID_xA7q3hxF,0.34503928
ID_xAyoGcBy,0.98832726
ID_xE5R7ciS,0.99844867
ID_xFw5VheX,0.077993646
ID_xHznxVHh,0.9238697
ID_xN02hFUC,6.585641e-05
ID_xNPM2lJt,0.9426693
ID_xPDKhf9R,0.75287926
ID_xPNYh9Gr,0.15019013
ID_xQ5maBsd,0.0020108444
ID_xQaYB9pX,0.9335696
ID_xR14wuFO,0.019087307
ID_xRYkZN1G,1.7102917e-07
ID_xTdQurWI,0.94375014
ID_xVqKlWgm,1.9810328e-05
ID_xXwd0McU,0.22052136
ID_xZ7eji05,0.9705746
ID_xZLDCzUD,0.0024672064
ID_xZYqsc2H,0.1404089
ID_xZkPW4Gl,1.9480845e-05
ID_xbVZ7oiP,0.0017869985
ID_xcxxX1XS,0.84022063
ID_xe6hfyks,0.7099247
ID_xevuUatH,0.8291733
ID_xfVVIJQ2,2.8464021e-05
ID_xhdEfwrO,0.69873655
ID_xk1t2QPn,4.9892215e-06
ID_xlI0FyvD,0.0005070789
ID_xlicC1lR,2.225341e-05
ID_xnBZDfP6,2.1639925e-08
ID_xnjMGFdl,0.98931193
ID_xqCJC2ob,4.1755018e-05
ID_xqMgzsNr,0.058651835
ID_xtEwvD4p,0.9747694
ID_xv4Yg1pe,0.8482874
ID_xvc6X2lX,6.704414e-08
ID_xxC0DzvF,0.99020636
ID_xzLKLZrP,0.5670615
ID_y1ZBrJu0,0.84185034
ID_y2KEG7nF,0.9365996
ID_y2lbNKAp,0.95748377
ID_y2tJpoae,0.8071347
ID_y2wzisR9,0.94712335
ID_y40tTxFd,0.8287294
ID_y4mHOMW1,0.8328298
ID_y56O0fr9,7.481624e-08
ID_y62DxlzV,0.10214671
ID_y6mDF4NY,0.9487941
ID_y9VVeKA4,0.9133705
ID_y9yxsesM,8.15846e-06
ID_yBnnn4qK,5.696818e-05
ID_yCCRz4CY,0.99383277
ID_yFDOuIjd,0.24912414
ID_yGCUyqgf,0.97431684
ID_yI0IL0DA,0.98731786
ID_yITAvuFf,0.98571724
ID_yK7FrdPD,0.93403554
ID_yM2EIQeo,0.74693817
ID_yM8wu97x,0.35328293
ID_yNGnYEPY,0.9670689
ID_yNvfme7c,8.511681e-06
ID_yOU0B5rA,0.00010001262
ID_yPoqhWlq,1.717693e-06
ID_yQNCB4bu,0.096459165
ID_yRE4npsj,0.7625896
ID_yTlNdzvD,0.98281634
ID_yTzwtGrH,0.47630793
ID_yVJ9h6GN,0.9884167
ID_yW7tcfdi,3.8027683e-06
ID_yWImYSwC,0.011955955
ID_yWjzIk8G,0.93015367
ID_yZFpailJ,0.83096945
ID_yZMGdc1o,0.40512392
ID_ybooZI5q,0.89637655
ID_ycXxydJE,0.963674
ID_ycbdEv9z,0.9542545
ID_ydxf0hVe,0.809405
ID_yePZJIz7,0.58478206
ID_yeeQBvp5,7.2530365e-06
ID_yewpC72U,0.49069744
ID_yfgyvUyk,0.01731808
ID_ygKuItQO,0.971408
ID_ygUCKiPD,0.0022980052
ID_ykYpTxQZ,0.99508214
ID_ylijQtow,0.48484337
ID_ynwRzGpb,0.00038645323
ID_yoNpQ05h,6.3896255e-06
ID_ypaA6qBA,0.93983406
ID_yqrCEeSQ,0.5849936
ID_ytO0Hmkm,0.23431996
ID_ytnEUrhE,1.3394883e-07
ID_yuu3GC5N,8.187198e-07
ID_yvLrHeSx,0.6840071
ID_yxslntHO,0.6821393
ID_yyCFf4Dm,0.252638
ID_z0loPDbT,0.9441889
ID_z2drWbMk,0.96489763
ID_z3bCIvJW,0.14168955
ID_z4gH6dNA,0.030615155
ID_z5f6UIGU,0.12938808
ID_z5v6EFb2,0.78401834
ID_z6AeUSbX,0.08505571
ID_z6SV0ygK,0.44257927
ID_z7w7WcDS,0.8869071
ID_z8VgyWqY,0.6614417
ID_z9hxqCWw,0.0016698183
ID_zBwxbgkO,5.396535e-05
ID_zC7hLO0G,0.00028740065
ID_zC8pVjKX,0.06755657
ID_zChc7VVu,0.9067665
ID_zDELly30,8.873118e-05
ID_zDwDUb39,0.88940394
ID_zHvX97do,0.98796207
ID_zIO6u4VQ,0.99781746
ID_zJ2WWehS,1.9579493e-05
ID_zJLplGX2,0.29349265
ID_zKTtKSx2,0.83449554
ID_zMLKqpNk,0.27845645
ID_zN03bUm5,0.047931135
ID_zNTd0fOO,0.95926833
ID_zP0mKWq9,0.20749247
ID_zPHPqQh0,0.0023921612
ID_zPHsuVMX,0.008842103
ID_zRX1z9uc,0.2335406
ID_zTAeaj9L,0.9179534
ID_zU5cSpNE,0.011866105
ID_zV4kvrTF,0.9973432
ID_zVvxEn72,0.015258826
ID_zZvRfVUu,0.017200848
ID_zaIUcFQt,0.19982342
ID_zaLPVNU9,0.97611433
ID_zcjIyrWB,0.97765505
ID_zeHb76Y5,0.41543663
ID_zgMT92W5,0.78148067
ID_zhujcSDE,0.8097183
ID_ziF1MLg6,0.9821248
ID_ziNNagHr,0.0033059437
ID_zibn4hnp,0.017537892
ID_zkxl9rb5,0.76039976
ID_znAqREpm,0.96757925
ID_zorhXTWN,0.95934314
ID_zorlZoH6,0.49626762
ID_zpjD7Ovc,5.841452e-05
ID_zq1zkDi0,0.015759367
ID_zqRU6pUr,0.9689299
ID_ztN34Yxu,1.3473542e-07
ID_ztz4p8My,0.1027164
ID_zv5GMSdb,0.050360423
ID_zviyhoNM,0.59782994
ID_zwsuIJx9,0.056334287
ID_zxBFKP2n,1.057449e-05
ID_zxN7nQbW,0.08639878
ID_zyWc0ENM,0.5858724
ID_zywRGuyq,0.029648675
ID_zzJXKU0R,2.2936888e-07
